No,Brand,CPU,GPU,RAM Type,RAM Size (GB),Storage (GB),Screen Type,Refresh Rate (Hz),Uniqueness,Upgradeable,Price (Rupiah)
1,ACER,Intel Core i3-N300,,DDR5,8,256.0,LED,60,0,1,5054831
2,ASUS,AMD Ryzen 3 7320U,,DDR5,8,256.0,LED,60,0,1,5099000
3,HP,AMD Ryzen 3 7320U,,DDR4,8,256.0,LED,60,0,1,5139000
4,LENOVO,AMD Ryzen 3 7320U,,DDR5,8,256.0,LED,60,0,0,5199000
5,ACER,Intel N150,,DDR4,8,256.0,LED,60,0,1,5229000
6,LENOVO,AMD Ryzen 3 7320U,,DDR5,8,256.0,LED,60,0,0,5239000
7,LENOVO,AMD Ryzen 3 7320U,,DDR5,8,256.0,LED,60,0,0,5249000
8,LENOVO,AMD Ryzen 3 7320U,,DDR5,8,256.0,LED,60,1,0,5349000
9,LENOVO,Intel Core i3-1315U,,DDR4,8,256.0,LED,60,0,0,5349000
10,LENOVO,Intel Core i3-1315U,,DDR4,8,256.0,LED,60,0,1,5349000
11,AXIOO,Intel Core i5-1235U,,DDR4,16,256.0,LED,60,0,1,5349000
12,LENOVO,Intel Core i3-1215U,,DDR4,8,256.0,LED,60,0,0,5379000
13,HP,AMD Ryzen 5 7520U,,DDR4,8,256.0,LED,60,0,1,5384000
14,ADVAN,Intel Core i5-12450H,,DDR4,8,256.0,LED,60,0,1,5385000
15,HP,Intel Core i3-7020U,,DDR4,8,256.0,LED,60,0,1,5399000
16,ASUS,Intel Core i3-N305,,DDR4,8,256.0,LED,60,1,1,5399000
17,HP,Intel Core i5-1335U,,DDR4,8,256.0,LED,60,0,1,5399000
18,AXIOO,Intel Core i5-1235U,,DDR4,8,256.0,LED,60,0,1,5448900
19,AXIOO,Intel Core i5-1235U,,DDR4,16,512.0,LED,60,0,1,5489000
20,LENOVO,Intel Core i3-1215U,,DDR4,8,256.0,LED,60,0,0,5569000
21,ACER,Intel Core i3-1215U,,DDR4,8,256.0,LED,60,0,1,5569000
22,ACER,Intel Core i3-1215U,,DDR5,8,256.0,LED,60,0,1,5574000
23,LENOVO,Intel Core i3-1215U,,DDR4,8,256.0,LED,60,1,0,5579000
24,MSI,Intel Core i3-1215U,,DDR4,8,256.0,LED,60,0,1,5589000
25,HP,Intel Core i3-10300,,DDR4,8,256.0,LED,60,0,1,5599000
26,LENOVO,Intel Core i3-1215U,,DDR4,8,256.0,LED,60,0,0,5599000
27,HP,Intel Core i3-1215U,,DDR4,8,256.0,LED,60,0,1,5599000
28,ASUS,AMD Ryzen 3 7320U,,DDR5,8,256.0,LED,60,0,1,5599000
29,AXIOO,AMD Ryzen 5 7430U,,DDR4,8,256.0,LED,60,0,1,5649000
30,LENOVO,Intel Core i5-6500,,DDR4,8,256.0,LED,60,2,0,5680000
31,ASUS,AMD Ryzen 3 7320U,,DDR5,8,256.0,LED,60,1,1,5689000
32,ASUS,AMD Ryzen 3 7320U,,DDR5,8,256.0,LED,60,1,1,5689000
33,ASUS,AMD Ryzen 3 7320U,,DDR5,8,256.0,LED,60,1,1,5689000
34,ACER,Intel Core i3-1215U,,DDR4,8,256.0,LED,60,0,1,5719000
35,LENOVO,Intel Core i3-1215U,,DDR4,8,256.0,LED,60,0,0,5739000
36,HP,Intel Core i3-1215U,,DDR4,8,256.0,LED,60,0,1,5746000
37,LENOVO,Intel Core i3-1215U,,DDR4,8,256.0,LED,60,0,1,5749000
38,ASUS,Intel Celeron N4500,,DDR4,8,256.0,LED,60,0,1,5789000
39,LENOVO,AMD Ryzen 3 7320U,,DDR5,8,256.0,LED,60,1,0,5798900
40,HP,Intel Core i3-1215U,,DDR4,8,256.0,LED,60,0,1,5799000
41,ASUS,Intel Core i3-N305,,DDR4,8,256.0,LED,60,0,1,5805000
42,ASUS,AMD Ryzen 3 7320U,,DDR5,8,256.0,LED,60,1,1,5839000
43,ASUS,AMD Ryzen 5 7520U,,DDR5,8,256.0,LED,60,0,1,5879000
44,ACER,Intel Core 3 N355,,DDR5,8,256.0,LED,60,0,1,5889000
45,ASUS,AMD Ryzen 3 7320U,,DDR5,8,256.0,LED,60,1,1,5895000
46,ASUS,Intel Core i3-1215U,,DDR4,8,256.0,LED,60,0,1,5899000
47,ADVAN,Intel N100,,DDR5,8,256.0,LED,60,0,1,5899000
48,ASUS,Intel Core i3-1215U,,DDR4,8,256.0,LED,60,0,1,5899000
49,ASUS,Intel Core i3-1215U,,DDR4,8,256.0,LED,60,0,1,5899000
50,ASUS,AMD Ryzen 3 7320U,,DDR5,8,256.0,LED,60,0,1,5907000
51,ASUS,AMD Ryzen 3 7320U,,DDR5,8,256.0,LED,60,1,1,5959000
52,TECNO,Intel Core i5-13420H,,DDR4,8,256.0,LED,60,1,1,5994000
53,ASUS,Intel Core i3-10110U,,DDR4,8,256.0,LED,60,0,1,5999000
54,HP,Intel Core i3-1315U,,DDR4,8,256.0,LED,60,0,1,5999000
55,,Intel Core i7-10610U,,DDR4,8,512.0,LED,60,0,1,6000000
56,HP,AMD Ryzen 3 3250U,,DDR4,8,256.0,LED,60,0,1,6029000
57,LENOVO,AMD Ryzen 3 7320U,,DDR4,8,256.0,LED,60,0,0,6049000
58,LENOVO,AMD Ryzen 3 7320U,,DDR5,8,256.0,LED,60,1,0,6059000
59,LENOVO,AMD Ryzen 3 7320U,,DDR5,8,256.0,LED,60,1,0,6069000
60,ASUS,Intel Core i3-1215U,,DDR4,8,256.0,LED,60,0,1,6076200
61,LENOVO,AMD Ryzen 5 7530U,,DDR4,8,256.0,LED,60,0,0,6089000
62,ASUS,Intel Core i3-N305,,DDR4,8,256.0,LED,60,0,1,6149000
63,ASUS,Intel Core i3-1115G4,,DDR4,8,256.0,LED,60,0,1,6149000
64,ACER,Intel Core i3-1115G4,,DDR4,8,256.0,LED,60,0,1,6197100
65,ASUS,Intel Core i3-1005G1,,DDR4,8,256.0,LED,60,1,1,6199000
66,INFINIX,AMD Ryzen 5 7430U,,DDR4,8,256.0,LED,60,0,1,6199000
67,LENOVO,Intel Core i3-10110U,,DDR4,8,256.0,LED,60,0,0,6261000
68,ACER,AMD Ryzen 5 7520U,,DDR5,8,256.0,LED,60,0,1,6299000
69,ADVAN,Intel Core i5-1035G7,,DDR4,8,256.0,LED,60,0,1,6299000
70,LENOVO,Intel Core i3-1215U,,DDR4,8,256.0,LED,60,0,0,6299000
71,ASUS,Intel Core i3-1115G4,,DDR4,8,256.0,LED,60,2,1,6375000
72,AXIOO,AMD Ryzen 7 5825U,,DDR4,8,512.0,LED,60,0,1,6399000
73,HP,Intel Core i3-10300,,DDR4,8,256.0,LED,60,0,1,6399000
74,INFINIX,Intel Core i3-1005G1,,DDR4,8,256.0,LED,60,0,1,6400000
75,ADVAN,Intel Core i3-1215U,,DDR4,8,256.0,LED,60,0,1,6498000
76,LENOVO,Intel Core i3-1005G1,,DDR4,8,256.0,LED,60,1,1,6499000
77,ASUS,Intel Core i3-1115G4,,DDR4,8,256.0,LED,60,0,1,6499000
78,HP,Intel Core i3-1215U,,DDR4,8,256.0,LED,60,0,1,6499000
79,ACER,Intel Core i3-7020U,,DDR4,8,256.0,LED,60,0,1,6500000
80,ASUS,Intel Core i3-1315U,,DDR4,8,256.0,LED,60,1,1,6519000
81,AXIOO,Intel Core i5-1235U,,DDR4,16,512.0,LED,60,0,1,6549000
82,LENOVO,Intel Core i3-1315U,,DDR5,8,512.0,LED,60,0,0,6558900
83,LENOVO,Intel Core i3-1315U,,DDR5,8,512.0,LED,60,0,0,6559000
84,INFINIX,Intel Core i5-1155G7,,DDR4,8,512.0,LED,60,0,1,6589000
85,HP,Intel Core i3-1115G4,,DDR4,8,256.0,LED,60,0,1,6599000
86,LENOVO,Intel Core i3-1215U,,DDR4,8,256.0,LED,60,1,0,6599000
87,LENOVO,AMD Ryzen 5 7520U,,DDR5,8,512.0,LED,60,0,0,6599000
88,LENOVO,Intel Core i5-1035G7,,DDR4,8,512.0,LED,60,0,1,6605745
89,HP,Intel Core i5-1135G7,,DDR4,8,512.0,LED,60,0,1,6699000
90,ADVAN,AMD Ryzen 5 6600H,,DDR5,8,512.0,LED,60,1,1,6729000
91,LENOVO,AMD Ryzen 5 7430U,,DDR4,8,512.0,LED,60,0,0,6749000
92,INFINIX,Intel Core i5-1334U,,DDR4,8,512.0,LED,60,0,1,6777000
93,HP,Intel Core i3-1215U,,DDR4,8,512.0,LED,60,0,1,6799000
94,ACER,Intel Core i3-1115G4,,DDR4,8,512.0,LED,60,0,1,6799000
95,ADVAN,Intel Core i3-1215U,,DDR5,8,512.0,LED,60,0,1,6799000
96,AXIOO,Intel Celeron N4020,,DDR4,8,512.0,LED,60,0,1,6859000
97,ASUS,Intel Core i3-1315U,,DDR4,8,256.0,LED,60,0,1,6879000
98,ACER,AMD Ryzen 7 5700U,,DDR4,8,512.0,LED,60,0,1,6889000
99,LENOVO,Intel Core i3-1005G1,,DDR4,8,256.0,LED,60,0,1,6899000
100,ASUS,Intel Core i3-10110U,,DDR4,8,256.0,LED,60,1,1,6899000
101,ACER,AMD Ryzen 7 5700U,,DDR4,8,512.0,LED,60,0,1,6927000
102,ADVAN,AMD Ryzen 5 6600H,,DDR4,8,512.0,LED,60,1,1,6945000
103,HP,AMD Ryzen 5 5625U,,DDR4,8,512.0,LED,60,0,1,6999000
104,ASUS,AMD Ryzen 5 7520U,,DDR5,8,512.0,LED,60,0,1,6999000
105,TECNO,AMD Ryzen 5 7430U,,DDR4,8,512.0,LED,60,0,1,6999000
106,ASUS,Intel Core i5-7200U,,DDR4,8,512.0,LED,60,0,1,7000000
107,HP,Intel Core i5-1235U,,DDR4,8,512.0,LED,60,1,1,7000000
108,HP,Intel Core i5-1235U,,DDR4,8,512.0,LED,60,0,1,7005000
109,DELL,Intel Core i3-1115G4,,DDR4,8,256.0,LED,60,0,1,7099000
110,HP,Intel Core i5-1235U,,DDR4,8,256.0,LED,60,0,1,7099000
111,HP,Intel Core i5-1235U,,DDR4,8,256.0,LED,60,0,1,7119000
112,ASUS,AMD Ryzen 3 7320U,,DDR5,8,256.0,OLED,60,0,1,7129000
113,ASUS,AMD Ryzen 3 7320U,,DDR5,8,256.0,OLED,60,0,1,7129000
114,LENOVO,AMD Ryzen 5 5625U,,DDR4,8,512.0,LED,60,0,0,7129000
115,AXIOO,Intel Core i3-1215U,,DDR5,16,256.0,OLED,60,0,1,7149000
116,HP,Intel Core i5-1235U,,DDR4,8,512.0,LED,60,0,1,7170000
117,ASUS,AMD Ryzen 5 7520U,,DDR5,8,512.0,LED,60,1,1,7189000
118,ASUS,AMD Ryzen 5 7520U,,DDR5,8,256.0,LED,60,0,1,7189000
119,ASUS,AMD Ryzen 5 7520U,,DDR5,8,512.0,LED,60,0,1,7189000
120,ASUS,AMD Ryzen 5 7520U,,DDR5,8,512.0,LED,60,1,1,7189000
121,ASUS,AMD Ryzen 5 7520U,,DDR5,8,512.0,LED,60,1,1,7189000
122,ASUS,Intel Celeron N4020,,DDR4,8,256.0,LED,60,0,1,7199000
123,ASUS,Intel Core i5-6200U,,DDR4,8,256.0,LED,60,0,1,7250000
124,HP,AMD Ryzen 5 5500U,,DDR4,8,512.0,LED,60,0,1,7250000
125,HP,Intel Core i5-1235U,,DDR4,8,256.0,LED,60,0,1,7299000
126,HP,Intel Core i5-1240P,,DDR4,8,256.0,LED,60,1,1,7300000
127,ADVAN,Intel Core i5-12500H,,DDR5,8,512.0,LED,60,1,1,7319900
128,HP,AMD Ryzen 5 5625U,,DDR4,8,512.0,LED,60,0,1,7349000
129,AXIOO,Intel Core i3-1215U,,DDR4,12,256.0,OLED,60,0,1,7349000
130,ASUS,AMD Ryzen 5 7535HS,,DDR5,8,512.0,LED,60,0,1,7389000
131,ASUS,AMD Ryzen 5 7535HS,,DDR5,8,512.0,LED,60,0,1,7399000
132,ACER,Intel Core i5-1135G7,,DDR4,8,512.0,LED,60,0,1,7404700
133,ACER,Intel Core i5-1235U,,DDR4,8,512.0,LED,60,0,1,7449000
134,LENOVO,AMD Ryzen 3 3250U,,DDR4,8,256.0,LED,60,0,1,7450000
135,MSI,Intel Core i5-1235U,,DDR4,8,512.0,LED,60,0,1,7499000
136,ACER,Intel Core i5-1235U,,DDR4,8,256.0,LED,60,0,1,7500000
137,DELL,Intel Core i5-1145G7,,DDR4,8,512.0,LED,60,0,1,7574000
138,HP,Intel Core i5-1235U,,DDR4,8,512.0,LED,60,0,1,7575000
139,HP,Intel Core i5-1235U,,DDR4,8,512.0,LED,60,0,1,7599000
140,HP,Intel Core i3-1215U,,DDR4,8,512.0,LED,60,0,1,7600000
141,HP,Intel Core i5-1235U,,DDR4,8,512.0,LED,60,1,1,7649000
142,HP,Intel Core i5-1235U,,DDR4,8,512.0,LED,60,0,1,7699000
143,ADVAN,AMD Ryzen 7 6800H,,DDR5,8,512.0,LED,60,0,1,7720000
144,ASUS,AMD Ryzen 5 7520U,,DDR5,8,256.0,LED,60,0,1,7729000
145,ACER,AMD Ryzen 5 7520U,,DDR5,8,512.0,LED,60,0,1,7743120
146,AXIOO,Intel Core i3-1215U,,DDR5,16,256.0,OLED,60,0,1,7749000
147,,Intel Core i5-7200U,,DDR4,8,256.0,LED,60,1,1,7750000
148,,Intel Core i5-8365U,,DDR4,8,512.0,LED,60,0,1,7775000
149,LENOVO,Intel Core i5-12450H,,DDR5,8,512.0,LED,60,0,0,7799000
150,LENOVO,AMD Ryzen 5 7530U,,DDR4,8,512.0,LED,60,0,0,7827000
151,LENOVO,AMD Ryzen 5 7530U,,DDR5,8,512.0,LED,60,0,0,7849000
152,AXIOO,Intel Core i5-1235U,,DDR5,16,512.0,OLED,60,0,1,7899000
153,LENOVO,Intel Core i5-1235U,,DDR4,8,512.0,LED,60,0,1,7900800
154,ASUS,AMD Ryzen 5 7520U,,DDR5,8,512.0,LED,60,0,1,7950000
155,ASUS,Intel Core i3-1005G1,,DDR4,8,512.0,LED,60,0,1,7999000
156,HP,Intel Core i5-1335U,,DDR4,8,256.0,LED,60,1,1,7999000
157,ASUS,Intel Core i3-1005G1,,DDR4,8,512.0,LED,60,0,1,7999000
158,LENOVO,Intel Core i5-13420H,,DDR5,16,512.0,LED,60,0,1,8000000
159,ASUS,Intel Core i5-1235U,,DDR4,16,512.0,LED,60,1,1,8029000
160,ASUS,AMD Ryzen 5 7430U,,DDR4,8,512.0,LED,60,1,1,8029000
161,ASUS,AMD Ryzen 7 7730U,,DDR4,16,512.0,LED,60,1,1,8039000
162,ASUS,Intel Core i5-13420H,,DDR5,8,512.0,LED,60,0,1,8049000
163,ASUS,AMD Ryzen 5 5500U,,DDR4,8,512.0,LED,60,0,1,8099000
164,HP,AMD Ryzen 5 7530U,,DDR4,8,256.0,LED,60,0,1,8099000
165,LENOVO,Intel Core i5-1335U,,DDR5,16,512.0,LED,60,0,0,8099000
166,HP,Intel Core i5-1235U,,DDR4,8,512.0,LED,60,0,1,8129000
167,ASUS,Intel Core i5-1335U,,DDR4,8,512.0,LED,60,0,1,8149000
168,ASUS,Intel Core i5-1335U,,DDR4,8,512.0,LED,60,1,1,8149000
169,LENOVO,Intel Core i5-1240P,,DDR5,16,512.0,LED,60,0,0,8199000
170,ASUS,Intel Core i3-1215U,,DDR4,16,256.0,LED,60,1,1,8199000
171,ACER,Intel Core i5-1235U,,DDR5,8,512.0,LED,60,0,1,8199000
172,ACER,Intel Core i3-N305,,DDR5,8,512.0,LED,60,0,1,8249000
173,LENOVO,AMD Ryzen 3 3250U,,DDR4,8,256.0,LED,60,1,1,8250000
174,LENOVO,AMD Ryzen 7 7730U,,DDR4,16,512.0,LED,60,0,1,8289000
175,HP,AMD Ryzen 3 3250U,,DDR4,8,256.0,LED,60,0,1,8299000
176,LENOVO,Intel Core i3-1005G1,,DDR4,8,256.0,LED,60,0,1,8300000
177,ASUS,Intel Core i5-1334U,,DDR4,8,512.0,LED,60,0,1,8339000
178,,Intel Core i5-13420H,,DDR4,16,512.0,LED,60,1,1,8349000
179,ACER,Intel Core i5-1334U,,DDR5,16,512.0,LED,60,0,1,8349000
180,ACER,Intel Core i5-1235U,,DDR5,16,512.0,LED,60,0,1,8349000
181,ASUS,Intel Core i5-1235U,,DDR4,8,512.0,LED,60,0,1,8389000
182,HP,Intel Core i5-1235U,,DDR4,8,512.0,LED,60,0,1,8399000
183,ASUS,Intel Core i5-1135G7,,DDR4,16,512.0,LED,60,1,1,8449000
184,HP,Intel Core i5-1335U,,DDR4,8,512.0,LED,60,0,1,8449000
185,LENOVO,Intel Core i5-13420H,,DDR4,8,512.0,LED,60,0,1,8479000
186,LENOVO,Intel Core i5-13420H,,DDR4,16,512.0,LED,60,0,0,8479000
187,AXIOO,Intel Core i3-1005G1,,DDR4,8,256.0,LED,60,0,1,8499000
188,ASUS,Intel Core i5-1335U,,DDR4,8,512.0,LED,60,1,1,8509000
189,LENOVO,Intel Core i7-1255U,,DDR4,16,512.0,LED,60,0,1,8574000
190,LENOVO,AMD Ryzen 5 7530U,,DDR4,16,512.0,LED,60,1,0,8599000
191,HP,AMD Ryzen 7 7730U,,DDR4,16,512.0,LED,60,0,1,8649000
192,AXIOO,Intel Core i5-1235U,,DDR5,16,512.0,OLED,60,0,1,8649000
193,LENOVO,Intel N200,,DDR5,8,256.0,LED,60,2,0,8649000
194,HP,AMD Ryzen 7 7730U,,DDR4,16,512.0,LED,60,0,1,8679000
195,LENOVO,Intel N200,,DDR5,8,256.0,LED,60,0,0,8699000
196,LENOVO,Intel Core i5-12450H,,DDR5,16,512.0,LED,60,1,0,8699000
197,DELL,AMD Ryzen 7 7730U,,DDR4,16,512.0,LED,120,0,1,8699000
198,LENOVO,Intel N200,,DDR5,8,256.0,LED,60,1,0,8775000
199,ASUS,Intel Core i5-1135G7,,DDR4,8,512.0,LED,60,1,1,8799000
200,AXIOO,Intel Core i5-1235U,,DDR4,8,512.0,LED,60,0,1,8849000
201,LENOVO,AMD Ryzen 5 7530U,,DDR4,8,512.0,LED,60,1,0,8899000
202,ACER,Intel Core i7-1255U,,DDR4,8,512.0,LED,60,0,1,8950000
203,LENOVO,Intel Core i5-1145G7,,DDR4,8,512.0,LED,60,0,1,8985000
204,ASUS,Intel Core i5-1135G7,,DDR4,8,512.0,LED,60,0,1,8989000
205,LENOVO,Intel Core i7-8550U,,DDR4,8,512.0,LED,60,2,1,8998000
206,HP,Intel Core i5-1235U,,DDR4,8,512.0,LED,60,0,1,8999000
207,HP,Intel Core i5-1335U,,DDR4,8,512.0,LED,60,0,1,8999000
208,LENOVO,Intel Core i7-1255U,,DDR4,16,512.0,LED,60,0,1,8999000
209,ADVAN,AMD Ryzen 7 7735HS,,DDR4,16,512.0,LED,60,0,1,8999999
210,ACER,Intel Core i5-10210U,,DDR4,8,512.0,LED,60,0,1,9000000
211,LENOVO,Intel Core i5-1235U,,DDR4,8,512.0,LED,60,0,1,9029000
212,ACER,AMD Ryzen 5 6600H,RTX 3050 Laptop,DDR5,8,512.0,LED,165,0,1,9049000
213,HP,Intel Core i5-1240P,,DDR5,16,512.0,LED,60,0,1,9074000
214,HP,AMD Ryzen 5 3500,,DDR4,8,512.0,LED,60,0,1,9100000
215,ASUS,AMD Ryzen 7 5800HS,,DDR4,16,512.0,LED,60,1,1,9199000
216,LENOVO,Intel Core i5-1245U,,DDR5,8,512.0,LED,60,2,0,9199000
217,MSI,Intel Core i7-1355U,,DDR4,16,512.0,LED,60,0,1,9249000
218,ADVAN,AMD Ryzen 7 8845HS,,DDR5,16,512.0,LED,60,0,1,9289000
219,ASUS,Intel Core i5-1035G7,,DDR4,8,256.0,LED,60,1,1,9299000
220,ASUS,Intel Core i3-10110U,,DDR4,8,512.0,LED,60,0,1,9299000
221,HP,Intel Core i3-1215U,,DDR4,8,256.0,LED,60,0,1,9389000
222,AXIOO,Intel Core i7-12650HX,RTX 2050,DDR4,16,512.0,LED,144,0,1,9389000
223,LENOVO,AMD Ryzen 7 5700U,,DDR4,16,512.0,LED,60,2,0,9399000
224,ASUS,Intel Core i7-1255U,,DDR4,16,512.0,LED,60,0,1,9399000
225,ASUS,AMD Ryzen 7 7730U,,DDR4,16,512.0,LED,60,0,1,9439000
226,ASUS,AMD Ryzen 7 7730U,,DDR4,16,512.0,LED,60,0,1,9439000
227,DELL,Intel Core i7-8550U,,DDR4,8,512.0,LED,60,0,1,9450000
228,TECNO,Intel Core i9-13900H,,DDR4,16,512.0,LED,60,1,1,9479000
229,ASUS,AMD Ryzen 5 5500U,,DDR4,8,256.0,LED,60,0,1,9499000
230,LENOVO,Intel Core i5-1135G7,,DDR5,8,512.0,LED,60,1,1,9499000
231,TECNO,Intel Core i9-13900H,,DDR4,16,512.0,LED,60,1,1,9499000
232,HP,AMD Ryzen 5 5500U,,DDR4,8,512.0,LED,60,0,1,9499000
233,TECNO,Intel Core i9-13900H,,DDR4,16,512.0,LED,60,1,1,9499000
234,HP,AMD Ryzen 5 3500,,DDR4,8,512.0,LED,60,0,1,9499000
235,LENOVO,Intel Core i7-13620H,,DDR5,16,512.0,LED,60,0,0,9499000
236,ACER,AMD Ryzen 5 3500,,DDR4,8,512.0,LED,60,0,1,9500000
237,INFINIX,Intel Core i5-1334U,,DDR4,16,512.0,OLED,120,0,1,9549000
238,HP,Intel Core i5-1334U,,DDR4,8,512.0,LED,60,0,1,9569000
239,ASUS,Intel Core i7-1255U,,DDR4,16,512.0,LED,60,0,1,9574000
240,HP,Intel Core i3-10300,,DDR4,8,512.0,LED,60,1,1,9620000
241,HP,Intel Core i5-1334U,,DDR4,8,512.0,LED,60,0,1,9669000
242,ASUS,Intel Core i7-1255U,,DDR4,8,512.0,LED,60,0,1,9679000
243,ASUS,Intel Core i7-1255U,,DDR4,16,512.0,LED,60,0,1,9699000
244,LENOVO,Intel Core i5-1135G7,,DDR4,8,512.0,LED,60,1,1,9699000
245,AXIOO,Intel Core i7-12650HX,RTX 2050,DDR4,16,512.0,LED,144,0,1,9699000
246,ASUS,Intel Core i5-8250U,,DDR4,8,512.0,LED,60,1,1,9725000
247,HP,Intel Core i7-1255U,,DDR4,16,512.0,LED,60,0,1,9749000
248,HP,Intel Core i7-1255U,,DDR4,16,512.0,LED,60,0,1,9749000
249,HP,Intel Core i7-1255U,,DDR4,16,512.0,LED,60,1,1,9749000
250,HP,Intel Core i7-1255U,,DDR4,16,512.0,LED,60,1,1,9749000
251,LENOVO,Intel Core i7-1250U,,DDR4,16,256.0,LED,60,0,1,9774000
252,LENOVO,Intel Core i7-1250U,,DDR5,16,512.0,LED,60,0,0,9799000
253,LENOVO,Intel Core i5-12450HX,RTX 2050,DDR5,12,512.0,LED,60,0,1,9839000
254,LENOVO,AMD Ryzen 7 7730U,,DDR4,16,512.0,LED,60,2,0,9874000
255,ASUS,Intel Core i7-1255U,,DDR4,16,256.0,LED,60,0,1,9874000
256,LENOVO,Intel Core i5-12450HX,RTX 3050 Laptop,DDR4,12,512.0,LED,60,0,1,9900000
257,HP,Intel Core i5-13450HX,RTX 3050 Laptop,DDR4,16,512.0,LED,144,0,1,9949000
258,DELL,Intel Core i5-1334U,,DDR5,16,512.0,LED,60,1,1,9999000
259,ASUS,Intel Core i7-1255U,,DDR4,16,512.0,LED,60,0,1,9999000
260,LENOVO,Intel Core i3-10300,,DDR5,8,512.0,LED,60,1,0,9999000
261,ASUS,Intel Core i5-1235U,,DDR4,16,256.0,LED,60,0,1,9999000
262,ASUS,Intel Core i5-8265U,,DDR4,8,512.0,LED,60,0,1,10000000
263,ACER,Intel Core i5-10210U,,DDR4,8,512.0,LED,60,0,1,10000000
264,LENOVO,Intel Core i7-1260P,,DDR5,16,512.0,LED,90,0,1,10050000
265,HP,Intel Core i7-1255U,,DDR4,8,512.0,LED,60,0,1,10050000
266,LENOVO,AMD Ryzen 7 7730U,,DDR4,16,512.0,LED,60,2,0,10099000
267,ACER,Intel Core i5-1235U,,DDR5,16,512.0,LED,60,0,1,10099000
268,ASUS,AMD Ryzen 7 5800HS,,DDR4,16,512.0,OLED,60,0,1,10123000
269,HP,Intel Core i5-1335U,,DDR4,8,512.0,LED,60,0,1,10150000
270,,Intel Core i9-10885H,,DDR4,8,512.0,LED,60,0,1,10150000
271,LENOVO,Intel Core i3-10300,,DDR4,8,512.0,LED,60,0,0,10190000
272,HP,Intel Core i3-10300,,DDR4,8,512.0,LED,60,0,1,10190000
273,HP,Intel Core i5-1240P,,DDR4,8,512.0,LED,60,1,1,10199000
274,HP,Intel Core i5-1335U,,DDR4,16,512.0,LED,60,1,1,10199000
275,LENOVO,Intel Core i5-1335U,,DDR4,16,512.0,LED,60,2,0,10199000
276,ASUS,AMD Ryzen 7 7730U,,DDR4,8,512.0,LED,60,1,1,10201800
277,HP,Intel Core i5-1334U,,DDR4,8,512.0,LED,60,0,1,10290000
278,LENOVO,AMD Ryzen 7 7730U,,DDR4,16,512.0,LED,60,2,0,10299000
279,LENOVO,Intel Core i7-1255U,,DDR4,8,512.0,LED,60,0,1,10299000
280,HP,Intel Core i5-1240P,,DDR4,8,512.0,LED,60,1,1,10349000
281,HP,Intel Core i5-1240P,,DDR4,8,512.0,LED,60,1,1,10349000
282,LENOVO,Intel Core i5-1335U,,DDR4,8,512.0,LED,60,2,0,10374000
283,HP,Intel Core i5-1240P,,DDR4,8,512.0,LED,60,0,1,10379000
284,MSI,Intel Core i7-12650HX,RTX 2050,DDR4,8,512.0,LED,144,0,1,10391600
285,ASUS,Intel Core i7-1355U,,DDR4,8,512.0,LED,60,1,1,10399000
286,ASUS,Intel Core i5-1335U,,DDR4,8,512.0,LED,60,1,1,10399000
287,ASUS,Intel Core i7-1355U,,DDR4,8,512.0,LED,60,1,1,10419000
288,ASUS,Intel Core i7-1355U,,DDR4,8,512.0,LED,60,1,1,10469000
289,ASUS,Intel Core i7-1355U,,DDR4,8,512.0,LED,60,1,1,10469000
290,ASUS,Intel Core i5-1335U,,DDR4,8,512.0,LED,60,1,1,10469000
291,HP,Intel Core i7-1250U,,DDR4,16,512.0,LED,60,0,1,10499000
292,ASUS,Intel Core i5-1335U,,DDR4,8,512.0,LED,60,1,1,10499000
293,ASUS,Intel Core i7-1355U,,DDR4,8,512.0,LED,60,1,1,10499000
294,HP,Intel Core i7-1255U,,DDR4,16,512.0,LED,60,0,1,10499000
295,HP,Intel Core i5-1135G7,,DDR4,8,512.0,LED,60,0,1,10499000
296,ASUS,Intel Core i7-1355U,,DDR4,8,512.0,LED,60,1,1,10499000
297,HP,AMD Ryzen 5 7540U,,DDR5,16,512.0,LED,60,0,1,10499000
298,LENOVO,AMD Ryzen 3 5300U,,DDR4,8,512.0,LED,60,2,1,10499000
299,HP,Intel Core i5-1335U,,DDR4,8,512.0,LED,60,0,1,10550000
300,ASUS,Intel Core i7-1355U,,DDR4,8,512.0,LED,60,0,1,10579000
301,HP,Intel Core i5-1240P,,DDR4,8,512.0,LED,60,0,1,10587203
302,HP,Intel Core i5-12450HX,RTX 3050 Laptop,DDR4,8,512.0,LED,144,0,1,10589000
303,ACER,Intel Core i7-11370H,,DDR4,16,512.0,LED,60,0,1,10589000
304,HP,Intel Core i5-1235U,,DDR4,8,512.0,LED,60,0,1,10599000
305,ASUS,Intel Core i7-1355U,,DDR4,8,512.0,LED,60,1,1,10599000
306,LENOVO,Intel Core i7-13620H,,DDR5,16,512.0,LED,60,0,0,10619000
307,HP,AMD Ryzen 7 7730U,,DDR4,16,512.0,LED,60,0,1,10699000
308,LENOVO,Intel Core i5-1240P,,DDR5,16,512.0,LED,60,1,0,10699000
309,HP,Intel Core i5-1240P,,DDR4,8,512.0,LED,60,1,1,10699000
310,ACER,Intel Core i5-1135G7,,DDR4,8,512.0,LED,60,0,1,10701773
311,ASUS,Intel Core i7-1355U,,DDR4,8,512.0,LED,60,1,1,10719000
312,ASUS,AMD Ryzen 5 7430U,,DDR4,8,512.0,LED,60,1,1,10729000
313,ASUS,Intel Core i5-1235U,,DDR5,8,512.0,OLED,60,0,1,10749000
314,LENOVO,AMD Ryzen 7 5700U,,DDR4,8,512.0,LED,60,2,0,10760000
315,LENOVO,AMD Ryzen 7 8845HS,,DDR5,16,512.0,LED,60,1,0,10799000
316,LENOVO,AMD Ryzen 7 7730U,,DDR4,16,512.0,LED,60,0,0,10799000
317,ACER,Intel i7-1165G7,,DDR4,8,512.0,LED,60,0,1,10850000
318,ACER,Intel Core i7-12650H,,DDR5,16,512.0,LED,60,0,1,10949000
319,LENOVO,AMD Ryzen 7 8845HS,,DDR5,16,512.0,LED,60,0,0,10959000
320,HP,Intel Core i5-1335U,,DDR5,16,512.0,LED,60,0,1,10990000
321,HP,Intel Core i5-1240P,,DDR4,16,512.0,LED,60,0,1,10999000
322,HP,Intel Core i3-1005G1,,DDR4,8,256.0,LED,60,0,1,10999000
323,LENOVO,AMD Ryzen 5 8645HS,,DDR5,16,512.0,LED,60,0,0,11019000
324,LENOVO,Intel Core i5-1135G7,,DDR4,8,512.0,LED,60,1,0,11099000
325,DELL,Intel Core i5-1240P,,DDR5,8,512.0,LED,60,0,1,11099000
326,LENOVO,AMD Ryzen 7 5825U,,DDR4,16,512.0,LED,60,2,0,11099000
327,LENOVO,Intel Core i7-13620H,,DDR5,16,512.0,LED,60,0,0,11139000
328,,Intel Core i7-1260P,,DDR5,8,512.0,LED,60,1,1,11199000
329,LENOVO,Intel Core i7-1355U,,DDR4,16,512.0,LED,60,0,0,11199000
330,ASUS,Intel Core i7-12700H,,DDR4,8,512.0,OLED,60,0,1,11199000
331,HP,AMD Ryzen 7 5700U,,DDR4,8,512.0,LED,60,0,1,11249000
332,ASUS,Intel Core i7-1250U,,DDR4,16,512.0,LED,60,0,1,11249000
333,HP,Intel Core i7-1355U,,DDR4,16,512.0,LED,60,0,1,11279000
334,LENOVO,Intel Core i7-1250U,,DDR5,16,512.0,LED,60,1,0,11299000
335,HP,Intel Core i7-1355U,,DDR4,16,512.0,LED,60,1,1,11299000
336,HP,Intel Core i7-1355U,,DDR4,16,512.0,LED,60,0,1,11299000
337,LENOVO,AMD Ryzen 5 5500U,,DDR4,8,512.0,LED,60,2,1,11299000
338,ASUS,Intel Core i7-1250U,,DDR4,16,512.0,LED,60,0,1,11299000
339,ASUS,Intel Core i7-12700H,,DDR4,8,512.0,OLED,90,1,1,11299000
340,HP,Intel Core i5-1235U,,DDR5,16,512.0,LED,60,1,1,11349000
341,HP,Intel Core i7-1355U,,DDR4,16,512.0,LED,60,0,1,11349000
342,LENOVO,Intel Core i7-1250U,,DDR5,16,512.0,LED,60,0,0,11349000
343,ASUS,AMD Ryzen 7 7730U,,DDR4,16,512.0,OLED,60,0,1,11349000
344,HP,Intel Core i5-1240P,,DDR4,16,512.0,LED,60,1,1,11349000
345,HP,Intel Core i7-1355U,,DDR4,16,512.0,LED,60,0,1,11350000
346,LENOVO,AMD Ryzen 7 7730U,,DDR4,16,512.0,LED,60,0,0,11390000
347,DELL,Intel Core i5-1240P,,DDR5,8,512.0,LED,60,1,1,11399000
348,LENOVO,Intel Core i7-1250U,,DDR5,16,512.0,LED,60,1,0,11399000
349,HP,Intel Core i7-1255U,,DDR4,16,512.0,LED,60,0,1,11444000
350,ASUS,Intel Core i5-1235U,,DDR5,8,512.0,OLED,60,0,1,11449000
351,HP,Intel Core i5-1335U,,DDR4,8,512.0,LED,60,1,1,11450000
352,LENOVO,Intel Core i5-1235U,,DDR4,8,512.0,LED,60,2,1,11499000
353,LENOVO,Intel Core i7-1250U,,DDR5,16,256.0,LED,60,1,1,11499000
354,LENOVO,Intel Core i5-13420H,,DDR5,16,512.0,LED,60,0,0,11499000
355,LENOVO,Intel Core i7-1250U,,DDR5,16,512.0,LED,60,0,0,11519000
356,LENOVO,Intel Core i7-1250U,,DDR5,16,512.0,LED,60,0,1,11549000
357,HP,AMD Ryzen 5 8640HS,,DDR5,16,512.0,LED,60,0,1,11549000
358,LENOVO,AMD Ryzen 7 5700U,,DDR4,8,512.0,LED,60,2,0,11585300
359,ASUS,Intel Core i5-1235U,,DDR5,8,512.0,OLED,60,0,1,11599000
360,HP,Intel Core i7-1255U,,DDR4,16,512.0,LED,60,1,1,11599000
361,ASUS,AMD Ryzen 5 7430U,,DDR4,16,512.0,LED,60,1,1,11599000
362,ASUS,Intel Core i7-1355U,,DDR4,8,512.0,LED,60,1,1,11649000
363,MSI,Intel Core i7-12650HX,RTX 3050 Laptop,DDR4,8,512.0,LED,144,0,1,11682500
364,LENOVO,Intel Core i5-12450HX,RTX 3050 Laptop,DDR4,12,512.0,LED,60,0,1,11699000
365,LENOVO,AMD Ryzen 5 8645HS,,DDR5,16,512.0,LED,60,1,0,11699000
366,ASUS,Intel Core i7-1355U,,DDR4,8,512.0,LED,60,1,1,11699000
367,LENOVO,AMD Ryzen 7 8845HS,,DDR5,16,512.0,LED,60,1,0,11699000
368,LENOVO,Intel Core i5-1235U,,DDR5,16,512.0,OLED,60,0,0,11699000
369,ASUS,Intel Core i7-1250U,,DDR4,16,512.0,LED,60,0,1,11739000
370,ASUS,Intel Core i7-1250U,,DDR4,16,512.0,LED,60,0,1,11749000
371,HP,Intel Core i7-1255U,,DDR5,16,512.0,LED,60,0,1,11799000
372,ASUS,Intel Core i7-1260P,,DDR4,16,512.0,LED,60,1,1,11799000
373,HP,Intel Core i5-1240P,,DDR4,16,512.0,LED,60,1,1,11799000
374,HP,Intel Core i5-1334U,,DDR4,16,512.0,LED,60,0,1,11799000
375,HP,Intel Core i5-1240P,,DDR4,16,512.0,LED,60,1,1,11879000
376,LENOVO,Intel Core i7-1250U,,DDR5,16,512.0,LED,60,0,0,11899000
377,ASUS,Intel Core i7-1250U,,DDR4,16,512.0,LED,60,0,1,11919000
378,ASUS,Intel Core i7-1355U,,DDR4,16,512.0,LED,60,1,1,11998000
379,ASUS,Intel Core i7-1355U,,DDR4,16,512.0,LED,60,1,1,11998000
380,ASUS,Intel Core i7-1355U,,DDR4,8,512.0,LED,60,1,1,11999000
381,ASUS,Intel Core i7-1250U,,DDR4,16,512.0,LED,60,1,1,12049000
382,HP,Intel Core i5-1335U,,DDR5,16,512.0,LED,60,0,1,12099000
383,LENOVO,Intel Core i7-1250U,,DDR5,16,512.0,LED,60,0,0,12099000
384,ACER,Intel Core i9-13900H,,DDR5,8,512.0,LED,60,0,1,12169000
385,LENOVO,Intel Core i5-1240P,,DDR5,16,512.0,OLED,60,0,0,12199000
386,LENOVO,Intel Core i7-13620H,,DDR5,16,512.0,LED,60,0,0,12200000
387,LENOVO,Intel Core i5-13420H,,DDR5,16,512.0,LED,60,1,0,12206000
388,HP,Intel Core i5-13450HX,RTX 3050 Laptop,DDR4,8,512.0,LED,144,0,1,12219000
389,ASUS,Intel Core i5-1335U,,DDR4,8,512.0,LED,60,1,1,12249000
390,HP,Intel Core i5-1235U,,DDR5,16,512.0,LED,60,0,1,12249000
391,HP,Intel Core i5-13450HX,RTX 3050 Laptop,DDR4,16,512.0,LED,144,0,1,12249000
392,HP,Intel Core i7-1355U,,DDR4,16,512.0,LED,60,0,1,12249000
393,ASUS,Intel Core i7-1255U,,DDR5,16,512.0,OLED,120,0,1,12299000
394,HP,Intel Core i5-1335U,,DDR4,16,512.0,LED,60,1,1,12394000
395,HP,Intel Core i5-1235U,,DDR5,16,512.0,LED,120,0,1,12399000
396,HP,AMD Ryzen 5 7535HS,RTX 2050,DDR5,16,512.0,LED,144,0,1,12399000
397,HP,AMD Ryzen 7 8840HS,,DDR5,16,512.0,LED,60,0,1,12399000
398,HP,Intel Core i7-1355U,,DDR4,8,512.0,LED,60,0,1,12399000
399,ACER,Intel Core i5-1135G7,,DDR4,16,512.0,LED,60,1,1,12399000
400,HP,AMD Ryzen 7 7730U,,DDR4,16,512.0,LED,90,0,1,12449000
401,HP,AMD Ryzen 7 8840HS,,DDR5,16,512.0,LED,120,0,1,12449000
402,ASUS,Intel Core i7-1355U,,DDR4,8,512.0,LED,60,1,1,12490000
403,HP,Intel Core i5-13450HX,RTX 3050 Laptop,DDR4,8,512.0,LED,144,0,1,12491000
404,HP,Intel Core i7-1355U,,DDR4,16,512.0,LED,60,0,1,12499000
405,MSI,Intel Core i7-12650HX,RTX 2050,DDR4,8,512.0,LED,144,0,1,12499000
406,HP,Intel Core i7-1255U,,DDR4,16,512.0,LED,60,1,1,12499000
407,LENOVO,Intel Core i7-1250U,,DDR5,16,512.0,LED,60,0,1,12499000
408,ACER,Intel Core Ultra 5 115U,,DDR4,16,512.0,LED,60,0,1,12499000
409,,Intel Core i5-12450HX,RTX 4050 Laptop,DDR5,16,512.0,LED,144,0,1,12509000
410,ASUS,Intel Core i5-13500H,RTX 2050,DDR4,8,512.0,LED,60,1,1,12592000
411,HP,Intel Core i5-1135G7,,DDR4,16,512.0,LED,60,0,1,12599000
412,HP,Intel Core i7-1355U,,DDR4,16,512.0,LED,60,0,1,12599000
413,ACER,Intel Core i7-1250U,,DDR5,16,512.0,LED,60,0,1,12599000
414,LENOVO,Intel Core i5-12450HX,RTX 3050 Laptop,DDR5,16,512.0,LED,60,0,1,12600000
415,HP,AMD Ryzen 7 8840HS,,DDR5,16,512.0,LED,120,0,1,12699000
416,LENOVO,Intel Core i7-1250U,,DDR5,16,512.0,LED,60,1,1,12699000
417,LENOVO,AMD Ryzen AI 5 340,,DDR5,16,512.0,OLED,60,0,0,12699000
418,LENOVO,Intel Core i5-1240P,,DDR5,8,512.0,LED,60,1,1,12699000
419,ASUS,Intel Core i7-1250U,,DDR4,8,512.0,LED,60,1,1,12719000
420,HP,Intel Core i5-1235U,,DDR5,16,512.0,LED,60,0,1,12749000
421,ACER,Intel Core i7-12650HX,RTX 3050 Laptop,DDR4,16,512.0,LED,144,0,1,12749000
422,LENOVO,Intel Core i5-1235U,,DDR5,16,512.0,OLED,60,0,0,12799000
423,HP,Intel Core i7-1255U,,DDR4,8,512.0,LED,60,0,1,12799000
424,LENOVO,Intel Core i7-1255U,,DDR4,16,512.0,LED,60,0,0,12799000
425,LENOVO,Intel Core i7-1255U,,DDR4,8,512.0,LED,60,0,1,12811250
426,HP,Intel Core i7-1260P,,DDR4,16,512.0,LED,60,0,1,12819000
427,LENOVO,Intel Core i5-1240P,,DDR5,16,512.0,LED,60,1,0,12890000
428,HP,AMD Ryzen 7 5700U,,DDR4,16,512.0,LED,60,0,1,12899000
429,LENOVO,Intel Core i5-1240P,,DDR5,16,512.0,OLED,60,1,0,12920000
430,LENOVO,Intel Core i7-1255U,,DDR5,16,512.0,OLED,60,0,0,12923000
431,LENOVO,Intel Core i5-13450HX,RTX 3050 Laptop,DDR5,16,512.0,LED,144,0,1,12970000
432,LENOVO,Intel Core i5-13450HX,RTX 3050 Laptop,DDR5,16,512.0,LED,144,0,1,12970000
433,LENOVO,Intel Core i7-1255U,,DDR4,8,512.0,LED,60,0,0,12999000
434,LENOVO,Intel Core i7-13620H,,DDR5,16,512.0,OLED,60,0,0,12999000
435,ASUS,Intel Core i7-1355U,,DDR4,8,512.0,LED,60,1,1,12999000
436,HP,Intel Core i7-1250U,,DDR4,16,512.0,LED,60,1,1,12999000
437,HP,Intel Core i7-1250U,,DDR4,16,512.0,LED,60,0,1,12999000
438,HP,Intel Core i5-1240P,,DDR4,8,512.0,LED,60,0,1,12999000
439,ASUS,Intel Core i5-13500H,,DDR4,8,512.0,OLED,60,0,1,13049000
440,ASUS,Intel Core i5-13500H,,DDR4,8,512.0,OLED,90,1,1,13049000
441,ASUS,Intel Core i5-13500H,,DDR4,8,512.0,LED,90,1,1,13079000
442,ACER,Intel Core i5-1235U,,DDR5,16,512.0,OLED,90,1,1,13099000
443,LENOVO,Intel Core i7-13620H,,DDR5,16,512.0,LED,60,0,0,13099000
444,ASUS,Intel Core i5-13500H,,DDR4,8,512.0,OLED,90,1,1,13119000
445,ASUS,Intel Core i5-13500H,,DDR4,8,512.0,OLED,90,1,1,13119000
446,HP,Intel Core i7-1250U,,DDR5,16,512.0,LED,60,0,1,13129000
447,LENOVO,Intel Core i5-1335U,,DDR4,16,512.0,OLED,60,2,0,13190000
448,LENOVO,AMD Ryzen AI 5 340,,DDR5,16,512.0,OLED,60,0,0,13199000
449,LENOVO,Intel Core i7-1255U,,DDR5,16,512.0,OLED,60,1,0,13199000
450,ASUS,Intel Core i7-1355U,,DDR4,8,512.0,LED,60,1,1,13199000
451,HP,AMD Ryzen 7 8840HS,,DDR5,16,512.0,LED,60,0,1,13249000
452,HP,AMD Ryzen 7 8840HS,,DDR5,16,512.0,LED,60,1,1,13249000
453,LENOVO,Intel Core i5-1240P,,DDR5,16,512.0,OLED,60,0,0,13290000
454,MSI,Intel Core i7-12650HX,RTX 3050 Laptop,DDR4,8,512.0,LED,144,0,1,13299000
455,HP,Intel Core i5-1235U,,DDR5,16,512.0,LED,60,0,1,13299000
456,HP,AMD Ryzen 5 8640HS,,DDR4,16,512.0,LED,60,0,1,13299000
457,MSI,Intel Core i7-13650HX,RTX 3050 Laptop,DDR5,16,512.0,LED,144,0,1,13299000
458,LENOVO,Intel i7-1165G7,,DDR4,8,512.0,LED,60,0,1,13300000
459,ACER,Intel Core i5-1235U,,DDR5,16,512.0,OLED,90,0,1,13339000
460,LENOVO,Intel Core i7-1355U,,DDR4,16,512.0,LED,60,2,0,13349000
461,LENOVO,Intel Core i7-13620H,,DDR5,16,512.0,OLED,60,0,1,13399000
462,HP,AMD Ryzen 7 8840HS,,DDR5,16,512.0,LED,60,0,1,13399000
463,LENOVO,Intel Core i7-13620H,,DDR5,16,512.0,OLED,60,0,1,13399000
464,LENOVO,Intel Core i7-13620H,,DDR5,16,512.0,OLED,60,1,0,13399000
465,LENOVO,AMD Ryzen 5 7530U,,DDR4,16,512.0,LED,60,2,0,13448000
466,ACER,AMD Ryzen 5 5500U,RTX 3050 Laptop,DDR4,16,512.0,LED,60,0,1,13479000
467,LENOVO,Intel Core i7-1250U,,DDR5,16,512.0,LED,60,1,0,13499000
468,DELL,Intel Core i7-1355U,,DDR4,16,512.0,LED,60,1,1,13499000
469,HP,Intel Core i7-1250U,,DDR4,16,512.0,LED,60,0,1,13499000
470,HP,AMD Ryzen 7 8840HS,,DDR5,16,512.0,LED,60,0,1,13499000
471,LENOVO,Intel Core i5-1240P,,DDR5,16,512.0,OLED,60,0,0,13499000
472,HP,Intel Core i7-1250U,,DDR4,16,512.0,LED,60,1,1,13499000
473,LENOVO,Intel Core i7-1255U,,DDR4,8,512.0,LED,60,0,1,13499000
474,DELL,Intel Core i7-1355U,,DDR5,16,512.0,LED,60,0,1,13499000
475,HP,Intel Core i5-1135G7,,DDR4,8,512.0,LED,60,1,1,13500000
476,HP,AMD Ryzen 7 8840HS,,DDR5,16,1024.0,LED,60,0,1,13519000
477,LENOVO,Intel Core i7-13620H,,DDR5,16,512.0,OLED,60,0,0,13590000
478,LENOVO,Intel Core i7-1255U,,DDR5,16,512.0,LED,60,0,0,13590000
479,HP,Intel Core i7-1250U,,DDR4,16,512.0,LED,60,1,1,13599000
480,ASUS,AMD Ryzen 7 8840HS,,DDR5,16,512.0,OLED,60,0,1,13599000
481,HP,Intel Core i7-1250U,,DDR4,16,512.0,LED,60,0,1,13599000
482,HP,Intel Core i7-1250U,,DDR4,16,512.0,LED,60,1,1,13599000
483,HP,Intel Core i7-1250U,,DDR4,16,512.0,LED,60,1,1,13699000
484,LENOVO,AMD Ryzen AI 7 350,,DDR5,16,512.0,OLED,60,0,0,13699000
485,LENOVO,Intel Core i5-1240P,,DDR5,16,512.0,OLED,60,1,0,13699000
486,LENOVO,Intel Core i7-1255U,,DDR5,16,512.0,OLED,60,0,0,13699000
487,HP,Intel Core i7-1250U,,DDR4,16,512.0,LED,60,0,1,13699000
488,ASUS,AMD Ryzen 7 260,,DDR5,16,1024.0,LED,60,0,1,13799000
489,LENOVO,Intel Core i7-13620H,,DDR5,16,512.0,OLED,60,0,0,13799000
490,ADVAN,Intel Core i7-1255U,,DDR4,16,1024.0,LED,60,0,1,13899000
491,ACER,Intel Core i5-1235U,,DDR5,16,512.0,LED,60,1,1,13899000
492,LENOVO,Intel Core i7-13620H,,DDR5,16,512.0,OLED,60,1,0,13943000
493,LENOVO,Intel i7-1165G7,,DDR4,8,512.0,LED,60,0,1,13999000
494,LENOVO,Intel Core i5-1235U,,DDR5,8,512.0,LED,60,1,1,13999000
495,ASUS,AMD Ryzen 7 7730U,,DDR4,8,1024.0,OLED,90,1,1,13999000
496,LENOVO,Intel Core i7-13620H,,DDR5,16,512.0,LED,60,0,0,13999000
497,LENOVO,AMD Ryzen 5 8640HS,,DDR5,16,512.0,OLED,60,2,0,13999000
498,LENOVO,Intel Core i7-13620H,,DDR5,16,1024.0,OLED,60,0,0,14006000
499,ASUS,Intel Core i5-1135G7,,DDR4,16,512.0,LED,60,0,1,14029000
500,ACER,Intel Core i7-1255U,,DDR5,16,1024.0,LED,60,1,1,14099000
501,DELL,Intel Core i5-1145G7,,DDR4,8,512.0,LED,60,0,1,14100000
502,HP,Intel Core i5-1240P,,DDR4,16,512.0,LED,60,0,1,14150000
503,LENOVO,Intel Core i7-1250U,,DDR5,16,512.0,LED,60,1,0,14259000
504,HP,Intel Core i5-13450HX,RTX 4050 Laptop,DDR4,16,512.0,LED,144,0,1,14299000
505,HP,Intel Core i5-12450HX,RTX 3050 Laptop,DDR4,8,512.0,LED,144,0,1,14300000
506,LENOVO,Intel Core i7-1255U,,DDR5,16,512.0,LED,60,0,0,14303000
507,LENOVO,Intel Core i7-1250U,,DDR5,16,512.0,LED,60,0,0,14306000
508,LENOVO,Intel Core i7-13620H,,DDR5,16,512.0,OLED,60,0,0,14319000
509,LENOVO,Intel Core i7-1250U,,DDR5,16,512.0,LED,60,1,0,14349000
510,ASUS,Intel Core i5-13500H,,DDR4,16,512.0,OLED,90,0,1,14355092
511,HP,Intel Core i7-1255U,,DDR5,16,1024.0,LED,120,0,1,14399000
512,HP,Intel Core i7-1255U,,DDR5,16,1024.0,LED,60,0,1,14399000
513,ACER,Intel Core i7-13700H,,DDR5,16,1024.0,OLED,90,0,1,14399000
514,DELL,Intel Core i7-1250U,,DDR5,16,512.0,LED,60,0,1,14399000
515,HP,Intel Core i5-1335U,,DDR4,16,512.0,LED,60,0,1,14419000
516,LENOVO,Intel Core i7-1250U,,DDR5,16,512.0,OLED,60,1,0,14449000
517,LENOVO,Intel Core i5-1235U,,DDR5,16,512.0,OLED,60,2,0,14450000
518,HP,AMD Ryzen 7 8840HS,,DDR5,16,1024.0,LED,60,0,1,14469000
519,ASUS,Intel Core Ultra 9 185H,,DDR5,16,1024.0,OLED,120,0,1,14489000
520,LENOVO,Intel Core i7-1250U,,DDR5,16,512.0,LED,60,0,0,14499000
521,ASUS,Intel Core i7-1355U,,DDR4,16,512.0,LED,60,1,1,14499000
522,ASUS,Intel Core Ultra 9 185H,,DDR5,16,1024.0,OLED,120,0,0,14499000
523,LENOVO,Intel Core i7-1250U,,DDR5,16,512.0,LED,60,1,0,14507000
524,LENOVO,Intel Core i7-1250U,,DDR5,16,512.0,LED,60,0,0,14557000
525,ASUS,Intel Core i5-13500H,,DDR4,16,512.0,OLED,90,0,1,14597300
526,MSI,Intel Core i5-13450HX,RTX 4060 Laptop,DDR5,16,512.0,LED,144,0,1,14599000
527,LENOVO,AMD Ryzen 5 8640HS,,DDR5,16,512.0,OLED,60,2,0,14599000
528,ASUS,Intel Core i9-13900H,,DDR5,16,1024.0,OLED,120,0,1,14599000
529,ASUS,Intel Core i7-1250U,,DDR4,16,1024.0,LED,60,0,1,14659000
530,ACER,Intel Core i7-1255U,,DDR5,16,512.0,OLED,90,1,1,14699000
531,ASUS,Intel Core i7-1355U,,DDR4,16,512.0,LED,60,0,1,14699000
532,,Intel Core i7-1250U,,DDR4,16,512.0,LED,60,1,1,14699000
533,LENOVO,Intel Core i7-1255U,,DDR5,16,1024.0,LED,60,2,0,14699000
534,ASUS,Intel Core i7-1355U,,DDR4,16,512.0,LED,60,0,1,14699000
535,LENOVO,Intel Core i7-1250U,,DDR5,16,512.0,LED,60,1,0,14699000
536,LENOVO,Intel Core i7-1255U,,DDR5,32,1024.0,OLED,60,2,0,14699000
537,LENOVO,Intel i7-1165G7,,DDR4,8,512.0,LED,60,0,0,14735000
538,LENOVO,AMD Ryzen 7 8840HS,,DDR5,16,1024.0,LED,60,2,0,14749000
539,LENOVO,Intel Core i7-1250U,,DDR5,16,512.0,LED,60,1,0,14790000
540,LENOVO,AMD Ryzen 7 5700U,,DDR4,8,512.0,LED,60,2,1,14790000
541,HP,Intel Core i5-12450HX,RTX 3050 Laptop,DDR4,8,512.0,LED,60,0,1,14799000
542,ASUS,Intel Core Ultra 9 185H,,DDR5,16,1024.0,OLED,60,0,1,14799000
543,DELL,Intel Core i7-1355U,,DDR4,8,512.0,LED,60,1,1,14849000
544,LENOVO,Intel Core i7-13620H,,DDR5,16,512.0,OLED,60,1,0,14899000
545,LENOVO,AMD Ryzen 5 8640HS,,DDR5,16,512.0,OLED,60,2,0,14899000
546,LENOVO,AMD Ryzen 5 8640HS,,DDR5,16,512.0,OLED,60,2,0,14899000
547,LENOVO,AMD Ryzen 5 8640HS,,DDR5,16,512.0,OLED,60,2,0,14899000
548,HP,Intel i7-1165G7,,DDR4,16,512.0,LED,60,0,1,14900000
549,ASUS,Intel Core i9-13900H,,DDR4,16,1024.0,OLED,90,0,1,14989000
550,LENOVO,Intel Core i7-13700H,,DDR5,16,512.0,LED,60,2,0,14999000
551,ASUS,Intel Core i9-13900H,,DDR5,16,1024.0,OLED,90,0,1,14999000
552,LENOVO,Intel Core i7-1250U,,DDR5,16,512.0,OLED,60,1,0,14999000
553,HP,Intel Core i5-1135G7,,DDR4,8,512.0,LED,60,1,1,15000000
554,HP,Intel Core i5-1135G7,,DDR4,8,512.0,LED,60,1,1,15000000
555,DELL,Intel Core i5-1334U,,DDR5,8,512.0,LED,60,0,1,15000000
556,ASUS,Intel Core i5-13500H,,DDR4,8,512.0,LED,60,0,1,15011000
557,ASUS,Intel Core i9-13900H,,DDR5,16,1024.0,OLED,90,0,1,15049000
558,LENOVO,Intel Core i5-1235U,,DDR5,16,512.0,OLED,60,2,0,15065000
559,LENOVO,Intel Core i5-1335U,,DDR4,16,512.0,LED,60,1,0,15199000
560,HP,AMD Ryzen 7 8845HS,,DDR5,16,1024.0,OLED,60,0,1,15199000
561,LENOVO,Intel Core i5-1335U,,DDR4,16,512.0,LED,60,0,0,15199000
562,HP,Intel Core i7-1250U,,DDR4,16,512.0,LED,60,0,1,15199000
563,LENOVO,Intel Core i5-1335U,,DDR4,16,512.0,LED,60,1,0,15199000
564,DELL,Intel Core i7-11390H,,DDR4,16,512.0,LED,60,1,1,15200000
565,ASUS,Intel Core i7-1255U,,DDR5,16,1024.0,OLED,60,0,1,15229000
566,ASUS,Intel Core i7-1255U,,DDR5,16,1024.0,LED,60,0,1,15249000
567,DELL,Intel Core i5-10210U,,DDR4,8,256.0,LED,60,0,1,15250000
568,ASUS,Intel Core i5-13500H,,DDR4,16,512.0,OLED,90,0,1,15289000
569,ASUS,Intel Core i5-13500H,,DDR4,16,512.0,OLED,90,0,1,15289000
570,LENOVO,Intel Core i7-1355U,,DDR4,16,512.0,OLED,60,2,0,15290000
571,ADVAN,Intel Core i7-1255U,,DDR4,16,1024.0,LED,60,0,1,15300000
572,DELL,Intel Core i5-1335U,,DDR4,16,512.0,LED,60,1,1,15399000
573,LENOVO,Intel Core i5-1235U,,DDR5,8,512.0,LED,60,1,1,15399000
574,LENOVO,Intel Core i5-1335U,,DDR4,16,512.0,LED,60,1,0,15419000
575,LENOVO,Intel Core i5-1335U,,DDR4,16,512.0,LED,60,1,0,15419000
576,ASUS,AMD Ryzen 5 7535HS,RTX 4050 Laptop,DDR5,16,512.0,LED,144,0,1,15422160
577,LENOVO,Intel Core i5-1235U,,DDR4,16,512.0,LED,60,0,0,15439000
578,HP,Intel Core i7-1355U,,DDR5,16,1024.0,OLED,120,0,1,15489000
579,HP,AMD Ryzen 7 8845HS,,DDR5,16,512.0,OLED,120,0,1,15499000
580,ASUS,AMD Ryzen 7 8840HS,,DDR5,16,512.0,OLED,60,0,1,15499000
581,ASUS,Intel Core i7-1255U,,DDR5,16,1024.0,OLED,60,0,1,15499000
582,ASUS,AMD Ryzen 7 8840HS,,DDR5,16,512.0,OLED,60,0,1,15499000
583,LENOVO,Intel Core i5-1335U,,DDR4,16,512.0,LED,60,1,0,15499000
584,LENOVO,Intel Core i5-1135G7,,DDR4,8,512.0,LED,60,2,1,15499000
585,LENOVO,Intel Core i7-1250U,,DDR5,16,512.0,OLED,60,0,0,15529000
586,HP,Intel Core i5-1235U,,DDR5,16,512.0,OLED,120,0,1,15549000
587,HP,Intel Core i5-1235U,,DDR5,16,512.0,OLED,120,0,1,15549000
588,ASUS,Intel Core i7-1255U,,DDR5,16,1024.0,LED,60,0,1,15550000
589,LENOVO,Intel Core i7-13700H,,DDR5,16,512.0,OLED,60,2,0,15616000
590,ASUS,Intel Core Ultra 5 226V,,DDR5,16,512.0,OLED,60,0,1,15649000
591,HP,Intel Core i7-1255U,,DDR5,32,1024.0,OLED,120,0,1,15699000
592,LENOVO,Intel Core i5-1335U,,DDR4,16,512.0,LED,60,1,0,15699000
593,HP,Intel Core i7-1355U,,DDR5,16,512.0,OLED,120,0,1,15699000
594,HP,Intel Core i5-1235U,,DDR5,16,512.0,OLED,120,0,1,15770000
595,HP,Intel Core i5-1235U,,DDR5,16,512.0,OLED,60,0,1,15799000
596,HP,Intel Core i7-1250U,,DDR4,16,512.0,LED,60,0,1,15800000
597,ASUS,Intel Core Ultra 5 226V,,DDR5,16,512.0,OLED,60,0,1,15819000
598,ASUS,Intel Core Ultra 5 226V,,DDR5,16,512.0,OLED,60,0,1,15819000
599,ASUS,Intel Core i9-13900H,,DDR5,16,1024.0,LED,90,0,1,15849000
600,ACER,Intel Core i7-1255U,,DDR5,32,1024.0,OLED,90,1,1,15849000
601,ASUS,Intel Core i9-13900H,,DDR5,16,1024.0,LED,90,1,1,15849000
602,DELL,Intel Core i5-1335U,,DDR4,8,512.0,LED,60,1,1,15849000
603,LENOVO,AMD Ryzen 7 7840HS,,DDR5,16,1024.0,LED,60,2,0,15899000
604,ACER,Intel Core i7-1255U,,DDR5,32,1024.0,OLED,90,1,1,15899000
605,,Intel i7-1165G7,,DDR4,16,512.0,LED,60,1,1,15926000
606,DELL,Intel Core i7-1250U,,DDR5,16,1024.0,LED,60,0,1,15950000
607,LENOVO,Intel Core i5-1240P,,DDR5,16,512.0,OLED,90,2,0,15979000
608,ACER,Intel Core i7-1255U,,DDR5,32,512.0,OLED,90,1,1,15989000
609,LENOVO,Intel Core i5-1235U,,DDR5,16,512.0,OLED,60,0,0,15989000
610,LENOVO,AMD Ryzen AI 5 340,,DDR5,16,512.0,OLED,120,2,0,15999000
611,LENOVO,Intel i7-1165G7,,DDR4,16,512.0,LED,60,2,1,15999000
612,ASUS,Intel Core i9-13900H,,DDR5,16,1024.0,OLED,90,0,1,15999000
613,LENOVO,AMD Ryzen 7 7435HS,RTX 4060 Laptop,DDR5,32,512.0,LED,144,0,1,15999000
614,HP,Intel Core i5-1235U,,DDR4,8,512.0,LED,60,0,1,16000000
615,LENOVO,Intel Core i5-1235U,,DDR4,16,512.0,LED,60,1,0,16000000
616,HP,Intel Core i7-1255U,,DDR5,32,1024.0,OLED,120,0,1,16049000
617,LENOVO,Intel Core i7-1360P,,DDR5,16,512.0,LED,60,2,1,16099000
618,DELL,Intel Core i7-1355U,,DDR4,8,1024.0,LED,60,1,1,16099000
619,ASUS,AMD Ryzen 7 5800HS,RTX 3050 Laptop,DDR4,16,512.0,LED,90,0,1,16150000
620,LENOVO,Intel i7-1165G7,,DDR4,16,512.0,LED,60,2,0,16150000
621,LENOVO,Intel Core i5-1235U,,DDR5,16,512.0,OLED,60,2,0,16183000
622,LENOVO,AMD Ryzen 5 5625U,,DDR4,8,512.0,LED,60,0,0,16199000
623,DELL,Intel i7-1165G7,,DDR4,8,512.0,LED,60,0,1,16201000
624,LENOVO,AMD Ryzen AI 5 340,RTX 4070 Laptop,DDR5,16,512.0,OLED,60,2,0,16249000
625,LENOVO,Intel Core i5-13450HX,RTX 4050 Laptop,DDR5,12,512.0,LED,144,0,1,16250000
626,LENOVO,Intel Core i5-1335U,,DDR4,8,512.0,LED,60,0,0,16278901
627,DELL,Intel Core i5-1335U,,DDR4,16,256.0,LED,60,0,1,16289000
628,LENOVO,Intel Core i5-1335U,,DDR4,8,512.0,LED,60,0,0,16299000
629,LENOVO,AMD Ryzen 5 5600H,,DDR4,16,512.0,LED,60,2,1,16325000
630,DELL,Intel Core i7-1355U,,DDR4,32,512.0,LED,60,1,1,16349000
631,LENOVO,Intel Core i5-1235U,,DDR5,16,512.0,OLED,60,2,1,16361000
632,LENOVO,Intel Core i5-1235U,,DDR5,16,512.0,OLED,60,2,0,16370000
633,DELL,Intel i7-1165G7,,DDR4,8,512.0,LED,60,0,1,16392000
634,HP,Intel Core i5-1235U,,DDR5,16,512.0,OLED,60,0,1,16400000
635,LENOVO,Intel Core i5-1135G7,,DDR4,32,512.0,LED,60,1,1,16400000
636,AXIOO,Intel Core i7-13650HX,RTX 4060 Laptop,DDR4,8,512.0,LED,144,0,1,16411000
637,ASUS,Intel Core i7-13700H,,DDR4,16,512.0,OLED,60,0,1,16429000
638,ASUS,Intel Core i7-13700HX,RTX 4050 Laptop,DDR4,16,1024.0,LED,120,0,1,16449000
639,LENOVO,AMD Ryzen 7 5800HS,RTX 3050 Laptop,DDR4,16,512.0,LED,60,0,0,16451000
640,ASUS,Intel Core i7-13700H,,DDR4,8,512.0,LED,90,1,1,16490000
641,LENOVO,Intel Core i5-1235U,,DDR5,16,512.0,OLED,60,2,0,16492000
642,ASUS,Intel Core Ultra 5 225H,,DDR5,16,1024.0,OLED,60,1,1,16499000
643,ASUS,Intel Core i7-13700HX,RTX 4050 Laptop,DDR5,16,1024.0,LED,120,0,1,16499000
644,DELL,Intel i7-1165G7,,DDR4,16,512.0,LED,60,0,1,16499000
645,HP,Intel Core i5-1235U,,DDR4,8,512.0,LED,60,1,1,16500000
646,LENOVO,AMD Ryzen 7 8845HS,RTX 4050 Laptop,DDR5,32,512.0,LED,60,0,1,16500000
647,DELL,Intel i7-1165G7,,DDR4,8,512.0,LED,60,0,1,16500000
648,LENOVO,AMD Ryzen 7 8845HS,RTX 3050 Laptop,DDR5,16,1024.0,OLED,120,1,0,16529000
649,DELL,Intel Core i7-1355U,,DDR4,8,512.0,LED,60,0,1,16554000
650,ASUS,Intel Core i7-13700HX,RTX 4050 Laptop,DDR5,16,1024.0,LED,120,1,1,16599000
651,ASUS,Intel Core i7-13700HX,RTX 4050 Laptop,DDR5,24,1024.0,LED,120,0,1,16599000
652,ASUS,Intel Core i7-13700HX,RTX 4050 Laptop,DDR5,8,1024.0,LED,120,0,1,16599000
653,LENOVO,AMD Ryzen 7 7435HS,RTX 4060 Laptop,DDR5,32,512.0,LED,60,0,1,16599000
654,LENOVO,Intel i7-1165G7,,DDR4,8,256.0,LED,60,0,0,16600000
655,LENOVO,AMD Ryzen 7 8840HS,,DDR5,16,1024.0,OLED,60,2,0,16613000
656,HP,Intel Core i5-13500H,RTX 4060 Laptop,DDR5,16,512.0,LED,165,0,1,16619000
657,LENOVO,Intel Core i7-13620H,,DDR5,16,512.0,OLED,60,0,0,16682000
658,LENOVO,Intel Core i5-1335U,,DDR4,16,512.0,LED,60,0,0,16689000
659,HP,Intel Core i5-1135G7,,DDR4,8,512.0,LED,60,0,1,16695000
660,HP,AMD Ryzen 7 8845HS,RTX 4060 Laptop,DDR5,32,512.0,LED,144,0,1,16699000
661,ASUS,Intel Core i7-13700HX,RTX 4050 Laptop,DDR4,16,1024.0,LED,120,0,1,16699000
662,ASUS,Intel Core i7-1355U,,DDR4,16,1024.0,LED,60,0,1,16799000
663,LENOVO,Intel Core i5-1235U,,DDR5,8,512.0,LED,60,1,1,16799000
664,LENOVO,Intel Core i5-1235U,,DDR5,8,512.0,LED,60,1,1,16799000
665,LENOVO,Intel i7-1165G7,,DDR4,8,512.0,LED,60,0,0,16799000
666,AXIOO,Intel Core i7-13650HX,RTX 4060 Laptop,DDR4,8,512.0,LED,144,0,1,16889000
667,LENOVO,Intel Core i7-1255U,,DDR5,16,1024.0,OLED,60,2,0,16899000
668,MSI,Intel Core i7-13650HX,RTX 4060 Laptop,DDR5,16,1024.0,LED,144,0,1,16899000
669,DELL,Intel i7-1165G7,,DDR4,8,512.0,LED,60,0,1,16918000
670,LENOVO,Intel Core i7-13620H,,DDR5,32,1024.0,OLED,60,0,1,16989000
671,,Intel Core i7-13700HX,RTX 4060 Laptop,DDR5,16,512.0,LED,165,0,1,16999000
672,HP,Intel Core i7-13700HX,RTX 3050 Laptop,DDR4,8,512.0,LED,144,0,1,16999000
673,LENOVO,AMD Ryzen 7 7435HS,RTX 4060 Laptop,DDR5,12,512.0,LED,144,0,1,16999000
674,LENOVO,Intel Core i7-13620H,,DDR5,32,1024.0,OLED,60,0,1,17000000
675,ASUS,Intel i7-1165G7,,DDR4,16,512.0,OLED,60,0,1,17050000
676,LENOVO,Intel Core i7-1355U,,DDR4,16,512.0,LED,60,1,0,17099000
677,LENOVO,AMD Ryzen 7 7435HS,RTX 4060 Laptop,DDR5,12,512.0,LED,60,0,1,17109001
678,LENOVO,AMD Ryzen 7 7435HS,RTX 4060 Laptop,DDR5,12,512.0,LED,60,0,1,17119000
679,HP,Intel i7-1165G7,,DDR4,8,512.0,LED,60,1,1,17166000
680,LENOVO,Intel Core i5-1235U,,DDR5,16,512.0,OLED,60,2,0,17169000
681,LENOVO,Intel Core i7-1255U,,DDR5,16,1024.0,LED,60,0,1,17199000
682,LENOVO,Intel Core i7-1355U,,DDR4,16,512.0,LED,60,1,0,17199000
683,DELL,Intel i7-1165G7,,DDR4,8,512.0,LED,60,0,1,17200000
684,HP,Intel Core i7-13650HX,RTX 4050 Laptop,DDR4,16,512.0,LED,144,0,1,17250000
685,LENOVO,Intel Core i5-1335U,,DDR4,16,512.0,LED,60,0,1,17275000
686,HP,Intel Core i7-1255U,,DDR4,16,512.0,LED,60,1,1,17289000
687,LENOVO,AMD Ryzen 7 8840HS,,DDR5,16,1024.0,OLED,60,2,0,17290000
688,ASUS,Intel Core Ultra 5 226V,,DDR5,16,512.0,OLED,60,0,1,17299000
689,LENOVO,Intel Core i7-1355U,,DDR4,16,512.0,LED,60,1,0,17299000
690,LENOVO,Intel Core i5-1335U,,DDR4,16,512.0,LED,60,0,1,17300000
691,LENOVO,AMD Ryzen 7 7435HS,RTX 4060 Laptop,DDR5,32,512.0,LED,60,0,1,17306000
692,ASUS,Intel Core i5-1235U,,DDR5,16,1024.0,OLED,120,0,1,17318000
693,LENOVO,Intel Core i7-13700H,,DDR5,16,512.0,LED,60,2,0,17399000
694,LENOVO,Intel Core Ultra 5 226V,,DDR5,16,512.0,OLED,120,2,0,17419000
695,LENOVO,Intel Core Ultra 5 226V,,DDR5,16,512.0,OLED,120,2,0,17419000
696,LENOVO,Intel Core i5-1335U,,DDR4,8,512.0,LED,60,0,0,17434000
697,HP,Intel Core i5-13500H,RTX 4060 Laptop,DDR5,16,512.0,LED,144,0,1,17459000
698,LENOVO,Intel Core i7-1355U,,DDR4,16,512.0,LED,60,1,0,17499000
699,LENOVO,Intel Core i7-1255U,,DDR5,16,1024.0,OLED,60,2,0,17499000
700,LENOVO,Intel Core i7-1255U,,DDR5,16,1024.0,OLED,60,2,0,17499000
701,ASUS,Intel Core i5-1135G7,,DDR4,8,512.0,OLED,60,1,1,17499000
702,LENOVO,AMD Ryzen 7 7735HS,RTX 4060 Laptop,DDR5,32,512.0,LED,60,0,1,17499000
703,LENOVO,Intel i7-1165G7,,DDR4,16,512.0,LED,60,0,1,17500000
704,ASUS,Intel Celeron N4020,,DDR4,8,256.0,LED,60,0,1,17500000
705,LENOVO,Intel Core i5-1235U,,DDR5,16,256.0,LED,60,0,1,17500000
706,LENOVO,Intel i7-1165G7,,DDR4,16,512.0,LED,60,0,1,17579000
707,HP,Intel Core i5-1235U,,DDR5,16,512.0,LED,60,0,1,17590000
708,ASUS,Intel Core Ultra 7 256V,,DDR5,16,512.0,OLED,60,0,1,17599000
709,LENOVO,Intel Core i5-1135G7,,DDR4,16,512.0,LED,60,0,1,17600000
710,DELL,Intel Core i5-1135G7,,DDR4,8,512.0,LED,60,1,1,17600000
711,LENOVO,AMD Ryzen 7 8845HS,RTX 4050 Laptop,DDR5,32,512.0,LED,60,0,1,17605000
712,ACER,Intel Core i7-1255U,,DDR5,32,1024.0,OLED,90,1,1,17609000
713,ASUS,Intel Core Ultra 7 256V,,DDR5,16,512.0,OLED,60,0,1,17619000
714,ASUS,AMD Ryzen AI 7 350,,DDR5,24,1024.0,OLED,60,0,1,17619000
715,LENOVO,Intel Core i7-1355U,,DDR4,16,512.0,LED,60,1,0,17619000
716,AXIOO,AMD Ryzen 7 5700U,,DDR4,16,1024.0,LED,60,0,1,17632000
717,LENOVO,Intel Core i7-1255U,,DDR5,16,1024.0,LED,60,0,1,17699001
718,ASUS,Intel Core i5-1135G7,,DDR4,8,512.0,OLED,60,0,1,17700000
719,DELL,Intel Core i7-11390H,,DDR4,16,512.0,LED,60,0,1,17750000
720,HP,Intel Core i7-13650HX,RTX 4050 Laptop,DDR4,16,512.0,LED,144,0,1,17753000
721,ACER,Intel Core Ultra 9 185H,,DDR5,32,1024.0,OLED,90,1,1,17775000
722,LENOVO,AMD Ryzen 7 8840HS,,DDR5,16,1024.0,OLED,60,2,0,17782960
723,HP,Intel Core i7-1255U,,DDR5,32,1024.0,OLED,120,0,1,17799000
724,LENOVO,Intel Core i7-1355U,,DDR5,16,1024.0,LED,60,1,1,17799000
725,LENOVO,AMD Ryzen 5 7535HS,,DDR5,32,512.0,LED,60,1,1,17799900
726,HP,Intel Core i7-1255U,,DDR5,32,1024.0,OLED,120,1,1,17899000
727,LENOVO,Intel Core i7-1255U,,DDR5,16,1024.0,OLED,120,2,0,17899000
728,HP,Intel Core i7-1255U,,DDR5,16,1024.0,OLED,120,0,1,17899000
729,DELL,Intel Core i5-1245U,,DDR4,8,512.0,LED,60,1,1,17900000
730,ACER,Intel Core i7-1355U,,DDR4,8,512.0,LED,60,1,1,17900000
731,ASUS,Intel Core i7-13700H,,DDR4,16,512.0,OLED,90,0,1,17932100
732,LENOVO,Intel Core i5-1335U,,DDR5,16,512.0,LED,60,1,0,17999000
733,ACER,Intel Core i7-12700H,,DDR5,16,1024.0,OLED,90,1,1,18000000
734,ACER,Intel Core i7-12700H,,DDR5,16,1024.0,OLED,90,1,1,18000000
735,LENOVO,Intel Core i5-1335U,,DDR4,16,512.0,LED,60,1,1,18000000
736,LENOVO,Intel Core i7-13650HX,RTX 4050 Laptop,DDR5,32,512.0,LED,60,0,1,18039600
737,LENOVO,Intel Core i7-1255U,,DDR4,16,512.0,LED,60,0,1,18059000
738,ASUS,Intel Core i7-1255U,,DDR4,8,512.0,LED,60,1,1,18199000
739,DELL,Intel Core i3-1215U,,DDR5,8,512.0,LED,60,0,1,18199000
740,ADVAN,Intel Core i7-1255U,,DDR4,16,1024.0,LED,60,0,1,18249041
741,LENOVO,Intel Core i3-10300,GeForce GTX 1650,DDR4,8,512.0,LED,120,0,1,18256454
742,LENOVO,AMD Ryzen AI 5 340,,DDR5,16,512.0,OLED,60,2,0,18299000
743,HP,Intel Core i7-1355U,,DDR4,16,1024.0,LED,60,0,1,18299000
744,ACER,Intel Core i5-1335U,,DDR4,8,512.0,LED,60,0,1,18300000
745,HP,Intel Core i7-1255U,,DDR5,16,1024.0,OLED,120,0,1,18395000
746,HP,Intel Core i7-1255U,,DDR5,16,1024.0,OLED,120,0,1,18399000
747,HP,Intel Core i7-1255U,,DDR5,16,1024.0,OLED,120,0,1,18399000
748,DELL,Intel i7-1165G7,,DDR4,8,512.0,LED,60,1,1,18440000
749,ACER,Intel Core i7-13700H,,DDR5,16,1024.0,LED,60,0,0,18449000
750,ASUS,Intel Core i7-1255U,,DDR5,32,1024.0,OLED,60,0,1,18477000
751,ASUS,AMD Ryzen AI 9 365,,DDR5,24,1024.0,OLED,120,0,1,18479000
752,ASUS,AMD Ryzen AI 9 365,,DDR5,24,1024.0,OLED,120,0,1,18479000
753,ASUS,AMD Ryzen AI 9 365,,DDR5,24,1024.0,OLED,120,0,1,18479000
754,ASUS,AMD Ryzen AI 9 365,,DDR5,24,1024.0,OLED,120,0,1,18479000
755,ASUS,AMD Ryzen AI 9 365,,DDR5,24,512.0,OLED,120,0,1,18479000
756,HP,Intel Core i7-1355U,,DDR5,16,1024.0,OLED,120,0,1,18499000
757,ASUS,Intel Core i7-1255U,,DDR5,32,1024.0,OLED,60,0,1,18499000
758,AXIOO,Intel Core i3-1215U,,DDR4,8,512.0,LED,60,0,1,18499000
759,MSI,Intel Core i7-13650HX,RTX 4060 Laptop,DDR5,16,512.0,LED,144,0,1,18499000
760,ASUS,Intel Core i7-13650HX,RTX 4050 Laptop,DDR5,16,512.0,LED,60,0,1,18499000
761,LENOVO,Intel Core i7-1255U,,DDR5,16,1024.0,OLED,120,2,0,18499000
762,LENOVO,Intel Core i7-1255U,,DDR5,16,1024.0,OLED,120,2,1,18500000
763,MSI,Intel Core i7-1360P,,DDR5,16,1024.0,LED,120,1,1,18550000
764,LENOVO,Intel Core i7-1255U,,DDR5,16,1024.0,OLED,60,2,0,18597000
765,DELL,Intel Core i5-1145G7,,DDR4,8,512.0,LED,60,1,1,18599000
766,LENOVO,Intel Core i5-12450HX,RTX 3050 Laptop,DDR5,16,512.0,LED,60,0,1,18599000
767,HP,Intel Core i7-1255U,,DDR5,16,1024.0,OLED,120,0,1,18619000
768,HP,Intel i7-1165G7,,DDR4,8,512.0,LED,60,0,1,18650000
769,LENOVO,Intel Core i7-1255U,,DDR5,8,512.0,LED,60,1,1,18699000
770,LENOVO,Intel Core i7-1255U,,DDR5,8,512.0,LED,60,1,1,18699000
771,LENOVO,Intel i7-1165G7,,DDR4,16,1024.0,LED,60,2,0,18699000
772,LENOVO,AMD Ryzen 7 5700U,,DDR4,16,512.0,LED,60,0,0,18699000
773,HP,Intel Core i7-1255U,,DDR5,16,1024.0,OLED,60,0,1,18699000
774,LENOVO,Intel Core i7-1355U,,DDR5,16,512.0,LED,60,1,1,18699999
775,ASUS,Intel Core i7-1255U,,DDR5,32,1024.0,OLED,120,0,1,18779001
776,HP,Intel Core i7-1255U,,DDR5,16,1024.0,OLED,120,0,1,18785000
777,MSI,Intel Core i7-13650HX,RTX 4060 Laptop,DDR5,16,1024.0,LED,144,0,1,18790000
778,ASUS,Intel Core i7-1255U,,DDR5,32,1024.0,OLED,120,0,1,18799000
779,ASUS,Intel Core i7-1255U,,DDR5,32,1024.0,OLED,120,0,1,18799000
780,ACER,Intel i7-1165G7,,DDR4,16,512.0,LED,60,0,1,18800000
781,LENOVO,Intel Core i7-1255U,,DDR5,32,1024.0,OLED,120,0,0,18822960
782,LENOVO,Intel Core i7-1255U,,DDR5,16,1024.0,OLED,60,2,0,18849000
783,DELL,Intel Core i5-1145G7,,DDR4,8,512.0,LED,60,0,1,18870000
784,HP,Intel Core i5-1135G7,,DDR4,8,512.0,LED,60,0,1,18870000
785,ACER,AMD Ryzen 7 8845HS,RTX 4050 Laptop,DDR5,16,512.0,LED,165,0,1,18894000
786,LENOVO,AMD Ryzen 5 7535HS,,DDR5,8,512.0,LED,60,1,1,18949900
787,ASUS,Intel Core i7-1255U,,DDR5,32,1024.0,OLED,120,0,1,18989360
788,,Intel Core i5-1235U,,DDR5,8,256.0,LED,60,0,1,18990000
789,DELL,Intel Core i7-8550U,,DDR4,16,256.0,LED,60,1,1,18997000
790,ASUS,Intel Core i7-1255U,,DDR5,32,1024.0,OLED,120,0,1,19029000
791,ASUS,Intel Core i7-1255U,,DDR5,32,1024.0,OLED,120,0,1,19029000
792,ASUS,Intel Core i7-1255U,,DDR5,32,1024.0,OLED,120,0,1,19037000
793,ASUS,Intel Core i7-1255U,,DDR5,32,1024.0,OLED,120,0,1,19037000
794,ASUS,Intel i7-1165G7,,DDR4,16,1024.0,OLED,60,2,1,19199000
795,HP,Intel Core i7-1355U,,DDR4,16,512.0,LED,60,0,1,19199000
796,LENOVO,Intel Core i7-1355U,,DDR4,16,1024.0,LED,60,1,0,19199000
797,HP,Intel Core i7-1255U,RTX 4050 Laptop,DDR5,32,1024.0,LED,120,0,1,19289000
798,ASUS,Intel Core i5-1135G7,,DDR4,8,512.0,LED,60,0,1,19299000
799,LENOVO,Intel Core i7-1260P,,DDR5,16,1024.0,LED,60,1,0,19299000
800,HP,Intel Core i7-1355U,,DDR4,16,1024.0,LED,60,1,1,19300000
801,LENOVO,Intel Core i7-13620H,,DDR5,16,512.0,OLED,60,1,0,19319000
802,LENOVO,Intel Core i5-1135G7,,DDR4,16,512.0,LED,60,0,1,19349000
803,LENOVO,Intel Core i7-1255U,,DDR5,16,1024.0,OLED,120,2,0,19369000
804,DELL,Intel Core i5-1335U,,DDR4,16,512.0,LED,60,1,1,19379000
805,HP,Intel Core i5-1235U,,DDR5,16,512.0,LED,60,0,1,19393000
806,HP,AMD Ryzen 7 8840HS,,DDR5,32,1024.0,OLED,120,0,1,19399000
807,ACER,Intel Core i7-1255U,RTX 4060 Laptop,DDR5,32,1024.0,OLED,120,1,1,19399000
808,HP,AMD Ryzen 7 8840HS,,DDR5,32,1024.0,OLED,120,1,1,19399000
809,DELL,Intel Core i7-1355U,,DDR4,16,512.0,LED,60,1,1,19400000
810,HP,Intel Core i5-1235U,,DDR5,16,512.0,OLED,120,0,1,19417000
811,HP,AMD Ryzen 7 8840HS,,DDR5,32,1024.0,OLED,120,0,1,19449000
812,DELL,Intel Core i7-12650H,,DDR4,16,512.0,LED,60,0,1,19490000
813,ASUS,Intel Core i7-1255U,,DDR5,32,1024.0,OLED,120,0,1,19499000
814,LENOVO,Intel Core i7-1255U,,DDR4,16,512.0,LED,60,1,1,19499000
815,MSI,Intel Core i7-13650HX,RTX 4060 Laptop,DDR5,8,1024.0,LED,165,0,1,19499000
816,DELL,Intel Core i7-1250U,,DDR5,16,1024.0,LED,60,1,1,19500000
817,LENOVO,Intel Core i7-1255U,,DDR5,16,1024.0,OLED,120,2,0,19519000
818,LENOVO,Intel Core i7-1255U,,DDR5,16,1024.0,OLED,120,2,0,19519000
819,LENOVO,Intel Core i7-1355U,,DDR4,16,1024.0,LED,60,2,0,19579000
820,LENOVO,Intel Core i7-1255U,,DDR5,16,1024.0,OLED,120,2,0,19599000
821,LENOVO,Intel i7-1165G7,,DDR4,16,512.0,LED,60,0,1,19600000
822,LENOVO,AMD Ryzen AI 7 350,,DDR5,32,1024.0,OLED,120,2,0,19619000
823,ACER,Intel Core i5-12450HX,RTX 4050 Laptop,DDR5,8,512.0,LED,180,0,1,19713000
824,DELL,Intel i7-1165G7,,DDR4,8,1024.0,LED,60,0,1,19750000
825,LENOVO,Intel Core i5-1235U,,DDR5,8,512.0,LED,60,1,1,19799000
826,,Intel Core i7-10750H,,DDR4,16,1024.0,LED,60,0,1,19800000
827,HP,Intel Core i7-1255U,,DDR4,8,1024.0,LED,60,1,1,19800000
828,ASUS,Intel Core Ultra 7 258V,,DDR5,32,1024.0,OLED,120,0,1,19849000
829,LENOVO,Intel Core i5-1335U,,DDR4,16,512.0,LED,60,2,0,19858000
830,DELL,Intel Core i5-10310U,,DDR4,16,256.0,LED,60,0,1,19890000
831,HP,Intel Core i7-1255U,,DDR5,16,1024.0,OLED,120,0,1,19899000
832,LENOVO,Intel Core i7-1255U,,DDR5,8,512.0,LED,60,1,1,19899000
833,HP,Intel Core i5-1335U,,DDR4,16,512.0,LED,60,0,1,19901000
834,LENOVO,Intel Core i5-1135G7,,DDR4,8,512.0,LED,60,0,1,19911500
835,HP,Intel Core i7-1255U,,DDR5,16,1024.0,OLED,120,0,1,19925001
836,ASUS,Intel Core i7-1255U,,DDR5,32,1024.0,OLED,120,0,1,19949000
837,ASUS,Intel Core i5-1155G7,,DDR4,8,512.0,LED,60,1,1,19980000
838,HP,AMD Ryzen 7 8840HS,,DDR5,32,1024.0,OLED,60,0,1,19983000
839,LENOVO,Intel Core i7-1255U,,DDR5,8,512.0,LED,60,0,1,19999000
840,DELL,Intel Core i5-10310U,,DDR4,8,256.0,LED,60,0,1,19999000
841,LENOVO,Intel Core i7-1255U,,DDR5,16,1024.0,OLED,60,2,0,19999000
842,DELL,Intel Core i5-1240P,,DDR5,8,256.0,LED,60,0,1,20000000
843,DELL,Intel Core i7-8550U,,DDR4,16,256.0,LED,60,0,1,20000000
844,LENOVO,Intel Core i7-8550U,,DDR4,16,512.0,LED,60,2,1,20000000
845,LENOVO,AMD Ryzen 9 6900HX,RTX 3050 Laptop,DDR4,32,1024.0,LED,60,2,1,20000000
846,DELL,Intel Core i5-1145G7,,DDR4,16,512.0,LED,60,1,1,20000000
847,DELL,Intel Core i7-8550U,,DDR4,16,256.0,LED,60,0,1,20000000
848,DELL,Intel Core i5-1240P,,DDR5,8,256.0,LED,60,0,1,20000000
849,HP,Intel Core i7-1355U,,DDR4,8,512.0,LED,60,0,1,20000000
850,HP,AMD Ryzen 7 8840HS,,DDR5,32,1024.0,OLED,60,0,1,20033000
851,LENOVO,Intel Core i5-1235U,,DDR4,8,512.0,LED,60,0,1,20119000
852,ACER,Intel Core Ultra 9 185H,,DDR5,32,1024.0,OLED,90,1,1,20150000
853,DELL,Intel Core i7-1355U,,DDR4,16,512.0,LED,60,0,1,20198000
854,LENOVO,Intel Core i7-1255U,,DDR4,16,512.0,LED,60,0,0,20199000
855,LENOVO,Intel Core i7-1255U,,DDR5,16,512.0,LED,60,1,1,20199000
856,LENOVO,Intel Core i7-13650HX,RTX 4060 Laptop,DDR5,24,512.0,LED,60,0,1,20241000
857,LENOVO,Intel Core i7-1255U,,DDR5,16,1024.0,OLED,120,2,0,20285000
858,DELL,Intel Core i7-1255U,,DDR5,16,512.0,LED,60,1,1,20299000
859,LENOVO,Intel i7-1165G7,,DDR4,8,512.0,LED,60,1,1,20300000
860,ACER,Intel Core i7-1255U,RTX 4060 Laptop,DDR5,32,1024.0,OLED,120,0,1,20300000
861,ASUS,Intel Core i7-12700H,,DDR4,16,512.0,OLED,60,1,1,20303000
862,LENOVO,Intel Core i7-1355U,,DDR4,16,512.0,LED,60,1,1,20399000
863,ASUS,Intel Core i7-1255U,,DDR5,32,1024.0,OLED,60,0,1,20399000
864,DELL,Intel Core i7-1355U,,DDR4,8,512.0,LED,60,0,1,20400000
865,HP,Intel Core i7-1255U,,DDR5,16,1024.0,OLED,120,0,1,20420000
866,,Intel Core i5-1235U,,DDR4,8,256.0,LED,120,0,1,20450000
867,HP,Intel Core i5-1335U,,DDR5,16,512.0,LED,60,1,1,20479000
868,ASUS,Intel Core i7-1260P,,DDR5,16,1024.0,LED,60,1,1,20489000
869,HP,Intel Core i7-1250U,,DDR4,16,512.0,LED,60,0,1,20490000
870,LENOVO,Intel Core i7-13650HX,RTX 4050 Laptop,DDR5,8,512.0,LED,165,1,1,20499000
871,HP,Intel Core i5-1035G7,,DDR4,8,512.0,LED,60,0,1,20500000
872,LENOVO,Intel Core i7-13700HX,RTX 3060 Laptop,DDR5,32,512.0,LED,60,0,1,20500000
873,ASUS,Intel Core i7-1255U,,DDR5,32,1024.0,OLED,60,0,1,20500000
874,LENOVO,Intel Core i7-1255U,,DDR5,16,512.0,OLED,120,2,0,20525000
875,DELL,Intel Core i5-1245U,,DDR4,16,1024.0,LED,60,1,1,20549000
876,DELL,Intel Core i7-1355U,,DDR4,16,1024.0,LED,60,0,1,20550000
877,ACER,Intel Core i7-1255U,,DDR5,16,512.0,OLED,90,1,1,20563000
878,MSI,Intel Core i7-10710U,GeForce GTX 1650,DDR4,16,512.0,LED,60,0,1,20598000
879,DELL,Intel Core i5-1235U,,DDR4,16,512.0,LED,60,1,1,20599000
880,MSI,Intel Core i7-14700HX,RTX 4060 Laptop,DDR5,16,1024.0,LED,240,0,1,20698000
881,LENOVO,Intel Core i5-1235U,,DDR5,16,512.0,LED,60,0,0,20699000
882,LENOVO,Intel Core i7-12700H,,DDR5,16,512.0,OLED,120,1,0,20753000
883,LENOVO,Intel Core i7-1255U,,DDR5,16,1024.0,OLED,120,2,0,20783000
884,DELL,Intel Core i5-1245U,,DDR4,8,512.0,LED,60,1,1,20800000
885,LENOVO,Intel i7-1165G7,,DDR4,8,512.0,LED,60,1,1,20800000
886,ASUS,Intel Core i5-11300H,RTX 3050 Laptop,DDR4,8,512.0,OLED,60,1,1,20860000
887,ASUS,Intel i7-1165G7,,DDR4,16,1024.0,OLED,60,1,1,20899000
888,HP,AMD Ryzen 7 8840HS,,DDR5,32,1024.0,OLED,120,1,1,20899000
889,LENOVO,AMD Ryzen AI 7 350,,DDR5,32,1024.0,OLED,60,2,0,20899000
890,ASUS,Intel Core i7-1255U,,DDR5,32,1024.0,OLED,60,0,1,20899000
891,DELL,Intel Core i7-10610U,,DDR4,8,256.0,LED,60,0,1,20900000
892,HP,Intel Core i7-1355U,,DDR5,16,1024.0,LED,60,0,1,20990000
893,ADVAN,Intel Core i7-1255U,,DDR4,16,1024.0,LED,60,0,1,20990041
894,ACER,Intel Core i5-1240P,,DDR4,16,512.0,LED,60,0,1,20998000
895,LENOVO,Intel Core i5-13420H,,DDR4,16,256.0,LED,60,0,0,20999000
896,HP,Intel Core i7-1355U,,DDR5,16,1024.0,OLED,120,0,1,20999000
897,ASUS,Intel Core i7-1255U,,DDR5,32,1024.0,OLED,120,0,1,20999000
898,LENOVO,Intel Core i7-1255U,,DDR5,16,1024.0,OLED,120,2,0,20999000
899,ACER,AMD Ryzen 7 6800H,,DDR5,16,1024.0,OLED,90,1,1,20999000
900,DELL,Intel Core i5-1245U,,DDR4,16,512.0,LED,60,1,1,21000000
901,HP,Intel Core i7-11800H,RTX 3060 Laptop,DDR4,16,512.0,LED,60,0,1,21000000
902,DELL,Intel Core i7-1255U,,DDR4,16,1024.0,LED,60,0,1,21000000
903,HP,Intel Core i7-11800H,RTX 3060 Laptop,DDR4,16,512.0,LED,60,0,1,21000000
904,ASUS,Intel Core i5-1155G7,,DDR4,8,512.0,LED,60,0,1,21000000
905,LENOVO,Intel Core i7-1355U,,DDR4,16,1024.0,LED,60,2,0,21105000
906,LENOVO,Intel Core i7-1185G7,,DDR4,16,1024.0,LED,60,2,0,21110000
907,ASUS,Intel Core i7-10510U,GeForce GTX 1650,DDR4,16,512.0,LED,60,0,1,21112000
908,LENOVO,AMD Ryzen 7 8845HS,,DDR5,16,1024.0,LED,60,0,0,21135000
909,HP,Intel Core i7-1255U,,DDR5,16,1024.0,OLED,120,1,1,21199000
910,ASUS,Intel Core Ultra 7 258V,,DDR5,32,1024.0,OLED,120,0,1,21209000
911,LENOVO,Intel Core i5-1135G7,,DDR4,16,512.0,LED,60,1,0,21250000
912,ASUS,AMD Ryzen 5 7535HS,,DDR5,16,512.0,OLED,60,0,1,21259000
913,HP,AMD Ryzen 7 8840HS,,DDR5,16,1024.0,LED,60,0,1,21260000
914,ASUS,Intel Core i5-1235U,,DDR5,16,1024.0,OLED,120,0,1,21266000
915,DELL,Intel Core i7-1355U,,DDR4,32,512.0,LED,60,0,1,21275000
916,LENOVO,AMD Ryzen AI 9 365,,DDR5,32,1024.0,OLED,120,2,0,21299000
917,ACER,Intel Core i5-1240P,,DDR4,8,512.0,LED,60,0,1,21320000
918,ACER,AMD Ryzen AI 9 365,,DDR5,32,1024.0,LED,60,0,1,21339000
919,HP,Intel Core i7-1355U,,DDR4,16,512.0,LED,60,0,1,21390000
920,HP,Intel Core i7-10510U,,DDR4,16,512.0,LED,60,0,1,21394464
921,LENOVO,Intel Core i7-1255U,,DDR5,16,1024.0,OLED,120,2,0,21399000
922,MSI,Intel Core i7-14700HX,RTX 4060 Laptop,DDR5,8,1024.0,LED,240,0,1,21399000
923,HP,Intel Core i7-14650HX,RTX 4060 Laptop,DDR5,16,1024.0,LED,144,0,1,21399000
924,HP,AMD Ryzen 7 8840HS,,DDR5,32,1024.0,OLED,120,0,1,21399001
925,LENOVO,Intel Core Ultra 7 258V,,DDR5,32,1024.0,OLED,120,2,0,21419000
926,LENOVO,Intel Core Ultra 7 258V,,DDR5,32,1024.0,OLED,120,2,0,21459000
927,LENOVO,Intel Core i5-1135G7,,DDR4,16,512.0,LED,60,2,0,21490000
928,DELL,Intel Core i7-1255U,,DDR5,16,512.0,LED,120,1,1,21499000
929,DELL,Intel Core i7-1355U,,DDR4,16,512.0,LED,60,1,1,21500000
930,LENOVO,Intel Core i5-1235U,,DDR4,16,512.0,LED,60,2,0,21509000
931,HP,Intel Core i7-14650HX,RTX 4060 Laptop,DDR5,16,1024.0,LED,144,0,1,21559000
932,HP,Intel Core i7-1255U,,DDR5,32,512.0,LED,60,1,1,21600000
933,DELL,Intel Core i7-1355U,,DDR4,16,512.0,LED,60,1,1,21611000
934,ASUS,AMD Ryzen 5 7535HS,RTX 4050 Laptop,DDR5,16,512.0,LED,144,0,1,21640000
935,HP,Intel Core i7-1250U,,DDR4,16,1024.0,OLED,60,0,1,21650000
936,ASUS,Intel i7-1165G7,,DDR4,16,1024.0,OLED,90,1,1,21659033
937,HP,AMD Ryzen 7 4700U,,DDR4,16,512.0,LED,60,0,1,21679100
938,ASUS,Intel i7-1165G7,,DDR4,16,1024.0,OLED,60,0,1,21699000
939,HP,Intel Core i5-1135G7,,DDR4,8,512.0,LED,60,0,1,21750000
940,LENOVO,AMD Ryzen AI 7 350,,DDR5,32,1024.0,OLED,120,2,0,21799000
941,HP,Intel Core i7-1255U,,DDR5,16,1024.0,LED,60,1,1,21800000
942,HP,Intel Core i7-12700H,,DDR4,16,512.0,LED,60,0,1,21812000
943,LENOVO,Intel Core i5-13450HX,RTX 3050 Laptop,DDR5,32,512.0,LED,60,0,1,21838700
944,HP,Intel Core i7-14650HX,RTX 4060 Laptop,DDR5,16,512.0,LED,60,0,1,21899000
945,DELL,Intel Core i7-8665U,,DDR4,8,512.0,LED,60,1,1,21899000
946,DELL,Intel Core i7-1255U,,DDR5,16,512.0,LED,60,0,1,21899000
947,HP,Intel i7-1165G7,,DDR4,8,512.0,LED,60,0,1,21900000
948,HP,AMD Ryzen 7 8840HS,,DDR4,32,1024.0,OLED,120,0,1,21900000
949,ASUS,Intel Core Ultra 9 285H,,DDR5,32,1024.0,OLED,120,0,1,21945000
950,LENOVO,Intel Core i7-1255U,,DDR5,16,1024.0,LED,60,1,1,21949000
951,ASUS,Intel Core i7-7500U,,DDR4,16,512.0,LED,60,1,1,21975000
952,ASUS,Intel Core i7-1255U,,DDR4,8,512.0,LED,60,0,1,21999000
953,LENOVO,Intel Core i7-1355U,,DDR4,16,512.0,LED,60,1,1,22000000
954,LENOVO,AMD Ryzen 7 4800H,GeForce GTX 1650,DDR4,16,512.0,LED,60,0,1,22000000
955,LENOVO,Intel Core i7-1355U,,DDR4,16,512.0,LED,60,1,1,22000000
956,MSI,Intel Core i7-13650HX,RTX 4070 Laptop,DDR5,8,1024.0,LED,165,0,1,22017000
957,ASUS,AMD Ryzen 7 8845HS,RTX 4050 Laptop,DDR5,16,512.0,LED,165,0,1,22019000
958,LENOVO,AMD Ryzen 7 7730U,,DDR4,16,512.0,LED,60,2,1,22033000
959,ASUS,Intel Core Ultra 5 225H,,DDR5,16,1024.0,OLED,60,0,1,22044000
960,DELL,Intel Core i5-1245U,,DDR4,16,512.0,LED,60,1,1,22075000
961,ASUS,Intel Core i7-12650HX,RTX 3050 Laptop,DDR5,16,1024.0,OLED,120,0,1,22100000
962,HP,AMD Ryzen 7 8840HS,,DDR5,16,1024.0,LED,60,1,1,22133000
963,ASUS,Intel Core i7-1255U,RTX 4050 Laptop,DDR5,8,1024.0,OLED,120,0,1,22139000
964,ACER,Intel Core i5-1240P,,DDR4,16,512.0,LED,60,0,1,22216500
965,ASUS,Intel Core Ultra 9 285H,,DDR5,32,1024.0,OLED,120,0,1,22219000
966,ASUS,AMD Ryzen 7 8845HS,RTX 4050 Laptop,DDR5,16,512.0,LED,165,0,1,22219000
967,ASUS,Intel Core Ultra 9 285H,,DDR5,32,1024.0,OLED,120,0,1,22219000
968,ASUS,Intel Core i7-1255U,,DDR5,32,1024.0,OLED,120,0,1,22299000
969,ASUS,Intel i7-1165G7,,DDR4,16,1024.0,OLED,60,0,1,22338000
970,ASUS,Intel Core i7-1255U,RTX 4050 Laptop,DDR5,24,1024.0,OLED,120,0,1,22370000
971,LENOVO,Intel Core i7-14650HX,RTX 4050 Laptop,DDR5,16,512.0,LED,60,0,1,22399000
972,DELL,Intel Core Ultra 7 165H,,DDR5,16,512.0,OLED,120,1,1,22399000
973,MSI,Intel Core i9-13900HX,RTX 4060 Laptop,DDR5,16,1024.0,LED,120,0,1,22399000
974,LENOVO,Intel i7-1165G7,,DDR4,16,512.0,LED,60,2,1,22404000
975,LENOVO,Intel Core i7-1255U,,DDR5,16,512.0,OLED,120,2,0,22430000
976,LENOVO,Intel Core i5-1235U,,DDR5,16,512.0,LED,60,0,0,22433000
977,LENOVO,Intel Core i7-13650HX,RTX 4060 Laptop,DDR5,24,512.0,LED,144,0,1,22466000
978,DELL,Intel Core i7-12650H,,DDR4,16,1024.0,LED,60,1,1,22475000
979,MSI,Intel Core i7-13650HX,RTX 4070 Laptop,DDR5,16,512.0,LED,165,0,1,22479000
980,DELL,Intel Core i7-1250U,,DDR5,16,512.0,LED,60,0,1,22489000
981,ASUS,Intel Core i7-1255U,,DDR5,32,1024.0,OLED,120,0,1,22522000
982,ASUS,Intel Core i7-1255U,,DDR5,32,1024.0,OLED,120,0,1,22522000
983,ASUS,Intel Core i7-1255U,,DDR5,32,1024.0,OLED,120,0,1,22522000
984,LENOVO,Intel i7-1165G7,,DDR4,16,1024.0,LED,60,2,1,22535089
985,LENOVO,Intel Core i5-1235U,,DDR4,16,512.0,LED,60,2,0,22550000
986,HP,Intel Core i7-13700HX,RTX 4060 Laptop,DDR5,16,1024.0,LED,165,0,1,22599000
987,ASUS,AMD Ryzen 9 5900HX,RTX 3050 Laptop,DDR4,16,1024.0,OLED,60,0,1,22599000
988,ASUS,Intel Core i7-13700HX,RTX 4060 Laptop,DDR4,16,512.0,LED,144,0,1,22599000
989,ASUS,Intel Core i7-13700HX,RTX 3050 Laptop,DDR4,32,1024.0,LED,144,0,1,22665000
990,ACER,Intel Core i9-14900HX,RTX 4060 Laptop,DDR5,8,1024.0,LED,165,0,1,22699000
991,ASUS,Intel Core Ultra 9 285H,,DDR5,32,1024.0,OLED,120,0,1,22699000
992,LENOVO,Intel Core i5-1235U,,DDR4,16,512.0,LED,60,0,0,22699000
993,ASUS,Intel Core Ultra 9 285H,,DDR5,32,1024.0,OLED,120,0,1,22699000
994,ASUS,AMD Ryzen 7 8845HS,RTX 4080 Laptop,DDR5,16,1024.0,OLED,60,1,1,22700000
995,ACER,Intel Core i7-13650HX,RTX 2050,DDR4,8,512.0,LED,60,1,1,22700000
996,ASUS,Intel Core Ultra 9 285H,,DDR5,32,1024.0,OLED,120,0,1,22769000
997,ASUS,Intel Core i7-13650HX,RTX 4070 Laptop,DDR5,16,1024.0,LED,144,0,1,22800000
998,ASUS,Intel Core i7-8565U,,DDR5,16,512.0,LED,60,0,1,22830000
999,LENOVO,Intel Core i7-14650HX,RTX 4050 Laptop,DDR5,16,512.0,LED,60,0,1,22859000
1000,ASUS,Intel Core Ultra 7 256V,,DDR5,16,512.0,OLED,60,0,1,22863000
1001,ASUS,Intel Core i7-13650HX,RTX 4050 Laptop,DDR5,8,512.0,LED,165,0,1,22920000
1002,ASUS,Intel Core Ultra 9 285H,,DDR5,32,1024.0,OLED,120,0,1,22926000
1003,LENOVO,AMD Ryzen 7 7735HS,RTX 4050 Laptop,DDR5,32,512.0,LED,60,0,1,22940670
1004,ASUS,Intel Core i7-1255U,,DDR5,32,1024.0,OLED,120,0,1,22960800
1005,HP,AMD Ryzen 9 8945HX,RTX 4060 Laptop,DDR5,16,1024.0,LED,144,0,1,22989000
1006,HP,Intel Core i5-1335U,,DDR4,16,512.0,LED,60,1,1,22999000
1007,HP,Intel Core i7-14650HX,RTX 4060 Laptop,DDR5,16,1024.0,LED,144,0,1,22999000
1008,LENOVO,Intel Core Ultra 9 285H,,DDR5,32,1024.0,OLED,120,2,0,22999000
1009,ASUS,AMD Ryzen 9 7845HX,RTX 4060 Laptop,DDR5,8,1024.0,LED,144,0,1,22999000
1010,DELL,Intel Core i7-1355U,,DDR5,16,512.0,LED,60,1,1,23000000
1011,DELL,Intel Core i7-1355U,,DDR5,16,512.0,LED,60,1,1,23000000
1012,HP,AMD Ryzen 7 8845HS,RTX 4060 Laptop,DDR5,16,512.0,LED,144,0,1,23007000
1013,LENOVO,Intel Core i7-1255U,,DDR4,16,512.0,LED,60,1,1,23059000
1014,LENOVO,Intel i7-1165G7,,DDR4,8,512.0,LED,60,0,1,23109500
1015,ASUS,Intel Core Ultra 9 285H,,DDR5,32,1024.0,OLED,120,0,1,23126000
1016,HP,Intel Core i7-1250U,,DDR4,16,512.0,LED,60,0,1,23136000
1017,ACER,Intel Core i7-13650HX,RTX 2050,DDR4,8,512.0,LED,60,1,1,23150000
1018,ACER,Intel Core i7-13700HX,RTX 4060 Laptop,DDR5,8,1024.0,LED,165,0,1,23196000
1019,ACER,Intel Core i9-14900HX,RTX 4060 Laptop,DDR5,16,1024.0,LED,165,0,1,23199000
1020,LENOVO,Intel Core i5-1235U,,DDR5,16,512.0,LED,60,1,1,23199000
1021,ASUS,Intel Core i7-13650HX,RTX 4050 Laptop,DDR5,8,512.0,LED,165,0,1,23229000
1022,ASUS,AMD Ryzen 7 7435HS,RTX 4060 Laptop,DDR5,16,512.0,LED,60,0,1,23243000
1023,ASUS,Intel Core i7-1255U,,DDR5,32,1024.0,OLED,60,0,1,23310700
1024,ASUS,Intel Core Ultra 9 285H,,DDR5,32,1024.0,OLED,120,0,1,23319000
1025,LENOVO,Intel Core i5-1335U,,DDR5,16,512.0,LED,60,0,0,23350000
1026,HP,Intel Core i5-1235U,,DDR4,16,512.0,OLED,60,0,1,23377000
1027,DELL,Intel Core i7-1355U,,DDR4,16,512.0,LED,60,1,1,23379000
1028,HP,AMD Ryzen 7 8845HS,RTX 4070 Laptop,DDR5,16,1024.0,LED,165,0,1,23399000
1029,HP,Intel Core i7-10510U,GeForce RTX 2060,DDR4,16,1024.0,OLED,60,0,1,23399000
1030,HP,AMD Ryzen 7 8845HS,RTX 4070 Laptop,DDR5,16,1024.0,LED,165,0,1,23399000
1031,ACER,Intel i7-1165G7,,DDR4,16,512.0,LED,60,0,1,23430000
1032,HP,Intel Core i7-1355U,,DDR4,16,1024.0,LED,60,0,1,23450000
1033,DELL,Intel Core i9-12900HX,RTX 3060 Laptop,DDR5,16,1024.0,LED,60,1,1,23454000
1034,DELL,Intel Core i7-12650H,,DDR4,16,512.0,LED,60,1,1,23495000
1035,ASUS,Intel Core i7-1255U,,DDR5,16,1024.0,OLED,60,0,1,23499000
1036,LENOVO,Intel Core i7-1255U,,DDR5,16,1024.0,LED,60,1,1,23499000
1037,LENOVO,AMD Ryzen 7 6800H,RTX 3050 Laptop,DDR5,32,1024.0,LED,120,2,0,23499000
1038,DELL,Intel Core i7-10810U,,DDR4,16,512.0,LED,60,1,1,23500000
1039,LENOVO,AMD Ryzen 7 5800HS,RTX 3050 Laptop,DDR4,8,512.0,LED,165,0,0,23525000
1040,ACER,Intel Core i7-14700HX,RTX 4050 Laptop,DDR5,8,512.0,LED,165,0,1,23537000
1041,ACER,Intel Core i7-12700H,,DDR4,16,512.0,LED,60,0,1,23540000
1042,HP,Intel Core i7-13700HX,RTX 4060 Laptop,DDR5,16,1024.0,LED,120,0,1,23585000
1043,DELL,Intel Core i7-1185G7,,DDR4,32,512.0,LED,60,1,1,23625000
1044,HP,Intel Core i5-1135G7,,DDR4,8,512.0,LED,60,0,1,23629000
1045,HP,Intel Core i5-1235U,,DDR5,16,512.0,OLED,120,0,1,23688000
1046,HP,Intel Core i7-13650HX,RTX 2050,DDR4,16,1024.0,LED,60,0,1,23690000
1047,HP,Intel Core i5-1235U,,DDR4,16,1024.0,LED,60,0,1,23700000
1048,ASUS,Intel Core i7-1255U,,DDR5,16,1024.0,LED,60,1,1,23729000
1049,LENOVO,Intel Core i5-1335U,,DDR5,32,512.0,LED,60,1,0,23749900
1050,HP,AMD Ryzen 7 8845HS,RTX 4060 Laptop,DDR5,16,512.0,LED,60,0,1,23770000
1051,LENOVO,Intel Core i7-13700HX,RTX 4060 Laptop,DDR5,8,512.0,LED,165,0,1,23777000
1052,HP,AMD Ryzen 7 7840HX,RTX 4070 Laptop,DDR4,16,1024.0,LED,60,0,1,23799000
1053,HP,Intel Core i7-8565U,,DDR4,8,512.0,LED,60,0,1,23800000
1054,ACER,Intel Core i9-13900HX,RTX 4060 Laptop,DDR5,8,1024.0,LED,165,0,1,23835000
1055,DELL,Intel Core i7-7500U,,DDR4,8,512.0,LED,60,0,1,23850000
1056,ASUS,Intel Core i9-13900HX,RTX 4050 Laptop,DDR5,8,1024.0,OLED,120,1,1,23877000
1057,DELL,Intel Core i7-1355U,,DDR5,16,512.0,LED,60,1,1,23925000
1058,HP,Intel Core i7-13700HX,RTX 4060 Laptop,DDR5,16,1024.0,LED,144,0,1,23935000
1059,HP,Intel Core i7-1355U,,DDR4,32,1024.0,LED,60,0,1,23937000
1060,HP,Intel Core i7-13700HX,RTX 4060 Laptop,DDR5,16,1024.0,LED,120,0,1,23945000
1061,HP,Intel i7-1165G7,,DDR4,16,512.0,LED,60,0,1,23990000
1062,ASUS,AMD Ryzen 9 8945HX,RTX 4060 Laptop,DDR5,16,1024.0,LED,144,0,1,23999000
1063,MSI,Intel Core i7-14650HX,RTX 5070 Laptop,DDR5,8,512.0,LED,120,0,1,23999000
1064,ASUS,Intel Core i7-1255U,,DDR5,16,1024.0,OLED,120,0,1,23999000
1065,ASUS,Intel Core i7-1255U,,DDR5,32,512.0,OLED,120,0,1,23999000
1066,ASUS,AMD Ryzen 9 8945HX,RTX 4060 Laptop,DDR5,16,1024.0,LED,144,0,1,23999000
1067,ASUS,Intel Core Ultra 9 285H,,DDR5,32,1024.0,OLED,120,0,1,23999000
1068,ASUS,Intel Core i7-1255U,,DDR5,16,1024.0,OLED,120,0,1,23999000
1069,MSI,Intel Core i7-14650HX,RTX 5070 Laptop,DDR5,8,512.0,LED,120,0,1,23999000
1070,ASUS,AMD Ryzen 7 6800H,RTX 3060 Laptop,DDR5,16,512.0,LED,60,0,1,24004000
1071,LENOVO,Intel Core i7-1255U,RTX 4050 Laptop,DDR5,32,1024.0,OLED,120,2,0,24037000
1072,ASUS,Intel Core Ultra 9 285H,,DDR5,32,1024.0,OLED,120,0,1,24049000
1073,ACER,Intel Core i7-14700HX,RTX 4050 Laptop,DDR5,32,512.0,LED,165,0,1,24085890
1074,ASUS,AMD Ryzen 9 8945HX,RTX 4060 Laptop,DDR5,16,1024.0,LED,144,0,1,24099000
1075,ASUS,Intel Core i7-13650HX,RTX 4050 Laptop,DDR4,16,512.0,LED,60,0,1,24100000
1076,LENOVO,Intel Core i7-1255U,,DDR5,16,1024.0,LED,60,1,0,24149900
1077,HP,AMD Ryzen 7 8845HS,RTX 4070 Laptop,DDR5,32,1024.0,LED,165,0,1,24199000
1078,LENOVO,AMD Ryzen 7 5800HS,RTX 3060 Laptop,DDR4,16,1024.0,LED,165,0,1,24199000
1079,ASUS,Intel Core i7-13650HX,RTX 4050 Laptop,DDR5,32,512.0,LED,165,0,1,24239000
1080,LENOVO,Intel Core i7-1355U,,DDR5,16,512.0,LED,60,0,1,24279000
1081,LENOVO,Intel Core i7-14650HX,RTX 4050 Laptop,DDR5,16,512.0,LED,165,0,1,24292000
1082,ASUS,Intel Core i7-14650HX,RTX 5060 Laptop,DDR5,16,1024.0,LED,165,0,1,24299000
1083,LENOVO,Intel i7-1165G7,,DDR4,16,1024.0,LED,60,2,0,24300000
1084,LENOVO,Intel Core i9-14900HX,RTX 4060 Laptop,DDR5,32,1024.0,LED,240,0,1,24349000
1085,ASUS,Intel Core i7-13650HX,RTX 4070 Laptop,DDR5,16,1024.0,LED,165,0,1,24349000
1086,HP,Intel Core i7-1355U,,DDR5,32,1024.0,LED,60,0,1,24350000
1087,HP,Intel Core i7-1355U,,DDR5,16,1024.0,LED,60,0,1,24350000
1088,HP,Intel Core i7-1355U,,DDR4,32,512.0,LED,60,0,1,24366000
1089,DELL,Intel Core i7-12650H,,DDR4,16,1024.0,LED,60,1,1,24395000
1090,LENOVO,Intel Core i9-14900HX,RTX 4060 Laptop,DDR5,8,1024.0,LED,60,0,1,24399000
1091,LENOVO,Intel Core i7-1255U,RTX 4050 Laptop,DDR5,32,1024.0,OLED,120,2,0,24419000
1092,ASUS,Intel Core i7-13650HX,RTX 4070 Laptop,DDR5,16,1024.0,LED,144,0,1,24459000
1093,DELL,Intel Core i7-1185G7,,DDR4,16,512.0,LED,60,1,1,24480000
1094,HP,AMD Ryzen 5 8640HS,RTX 4060 Laptop,DDR5,16,1024.0,LED,60,0,1,24490000
1095,ASUS,Intel Core i7-13650HX,RTX 4070 Laptop,DDR5,16,1024.0,LED,165,0,1,24499000
1096,ASUS,AMD Ryzen 7 6800H,RTX 3060 Laptop,DDR5,32,512.0,LED,165,0,1,24499000
1097,LENOVO,Intel Core i9-14900HX,RTX 4060 Laptop,DDR5,8,1024.0,LED,165,0,1,24499000
1098,ASUS,Intel Core i7-13650HX,RTX 4070 Laptop,DDR5,8,1024.0,LED,165,0,1,24499000
1099,LENOVO,Intel Core i9-14900HX,RTX 4060 Laptop,DDR5,32,1024.0,LED,165,0,1,24499000
1100,ASUS,Intel Core i9-13980HX,RTX 4050 Laptop,DDR5,8,512.0,LED,165,0,1,24499000
1101,LENOVO,Intel Core i7-13650HX,RTX 4060 Laptop,DDR5,24,512.0,LED,60,0,1,24556000
1102,MSI,Intel Core i7-1255U,RTX 4050 Laptop,DDR5,32,1024.0,LED,120,1,1,24589000
1103,LENOVO,Intel Core i9-14900HX,RTX 4060 Laptop,DDR5,8,1024.0,LED,60,0,1,24599000
1104,ASUS,Intel Core i7-13650HX,RTX 4050 Laptop,DDR5,16,512.0,LED,165,0,1,24649000
1105,LENOVO,Intel Core i7-1255U,,DDR5,16,1024.0,LED,60,1,1,24669000
1106,ACER,Intel Core i5-12500H,,DDR4,16,512.0,OLED,60,0,1,24679000
1107,ASUS,AMD Ryzen 9 8945HX,RTX 4070 Laptop,DDR5,16,1024.0,LED,144,0,1,24689000
1108,LENOVO,Intel Core i7-13700HX,RTX 4060 Laptop,DDR5,32,512.0,LED,165,0,1,24690000
1109,LENOVO,AMD Ryzen 7 7840HX,RTX 4060 Laptop,DDR5,16,512.0,LED,60,0,1,24703650
1110,ACER,Intel Core i9-14900HX,RTX 4060 Laptop,DDR5,16,1024.0,LED,165,0,1,24719000
1111,LENOVO,Intel Core i7-1255U,,DDR5,16,1024.0,LED,60,2,0,24727000
1112,LENOVO,AMD Ryzen 9 6900HX,RTX 3050 Laptop,DDR5,32,1024.0,LED,120,0,0,24738000
1113,DELL,Intel Core i7-8665U,,DDR4,16,512.0,LED,60,1,1,24789000
1114,ASUS,AMD Ryzen 9 8945HX,RTX 4070 Laptop,DDR5,16,1024.0,LED,144,0,1,24799000
1115,ACER,Intel Core i7-13650HX,RTX 4050 Laptop,DDR5,16,512.0,LED,144,0,1,24800000
1116,ASUS,AMD Ryzen 7 5800HS,RTX 3060 Laptop,DDR4,16,512.0,LED,144,0,1,24820000
1117,HP,Intel Core i5-1235U,,DDR4,16,512.0,LED,60,0,1,24840000
1118,ASUS,Intel Core i7-13650HX,RTX 4050 Laptop,DDR5,8,512.0,LED,165,0,1,24845000
1119,ACER,Intel Core i9-12900HX,RTX 3060 Laptop,DDR5,16,512.0,LED,60,0,1,24859000
1120,HP,Intel Core i7-14650HX,RTX 4070 Laptop,DDR5,16,512.0,LED,165,0,1,24889000
1121,ASUS,Intel Core i7-13650HX,RTX 4050 Laptop,DDR5,8,512.0,LED,165,0,1,24899000
1122,ASUS,Intel Core i7-13650HX,RTX 4050 Laptop,DDR5,8,512.0,LED,165,0,1,24899000
1123,HP,Intel Core i7-14650HX,RTX 4070 Laptop,DDR5,16,1024.0,LED,144,0,1,24960000
1124,DELL,Intel Core i7-12650H,,DDR4,16,512.0,LED,60,0,1,24990000
1125,MSI,Intel Core i7-14700HX,RTX 4060 Laptop,DDR5,16,1024.0,LED,120,0,1,24990000
1126,ASUS,Intel Core i7-14700HX,RTX 4070 Laptop,DDR4,16,1024.0,LED,165,0,1,24999000
1127,LENOVO,Intel Core i7-1255U,RTX 4050 Laptop,DDR5,32,1024.0,OLED,120,2,0,24999000
1128,ASUS,AMD Ryzen 9 7845HX,RTX 4060 Laptop,DDR5,32,512.0,LED,240,0,1,25000000
