Brand,CPU,GPU,RAM Type,RAM Size (GB),Storage (GB),Screen Type,Refresh Rate (Hz),Uniqueness,Upgradeable,Price (Rupiah)
ACER,I3-N300,-,DDR5,8GB,512GB,IPS,60,[],1,5054831
ASUS,RYZEN 3-7320,-,DDR5,16GB,256GB,LED,60,[],1,5099000
HP,RYZEN 3-7320,-,DDR4,16GB,512GB,LED,60,[],1,5139000
LENOVO,RYZEN 3-7320,-,DDR5,8GB,256GB,TN,60,[],0,5199000
ACER,N150,-,DDR4,8GB,512GB,IPS,60,[],1,5229000
LENOVO,RYZEN 3-7320,-,DDR5,16GB,256GB,TN,60,[],0,5239000
LENOVO,RYZEN 3-7320,-,DDR5,8GB,256GB,TN,60,[],0,5249000
LENOVO,RYZEN 3-7320,-,DDR5,8GB,256GB,TN,60,['fingerprint'],0,5349000
LENOVO,I3-1315,-,DDR4,16GB,256GB,TN,60,[],0,5349000
LENOVO,I5-1315,-,DDR4,8GB,256GB,TN,60,[],1,5349000
AXIOO,I5-1235,-,DDR4,16GB,256GB,IPS,60,[],1,5349000
LENOVO,I3-1215,-,DDR4,8GB,512GB,TN,60,[],0,5379000
HP,RYZEN 5-7520,-,DDR4,8GB,256GB,LED,60,[],1,5384000
ADVAN,I5-12450,-,DDR4,8GB,256GB,IPS,60,[],1,5385000
HP,I3-7020,-,DDR4,,,LED,60,[],1,5399000
ASUS,I3-N305,-,DDR4,8GB,256GB,LED,60,['fingerprint'],1,5399000
HP,I5-1335,-,DDR4,16GB,512GB,IPS,60,[],1,5399000
,,-,DDR4,16GB,512GB,IPS,60,[],1,5400000
AXIOO,I5-1235,-,DDR4,8GB,256GB,IPS,60,[],1,5448900
AXIOO,I5-1235,-,DDR4,16GB,512GB,IPS,60,[],1,5489000
LENOVO,I3-1215,-,DDR4,16GB,512GB,TN,60,[],0,5569000
ACER,I3-1215,-,DDR4,16GB,256GB,IPS,60,[],1,5569000
ACER,I3-1215,-,DDR5,8GB,512GB,IPS,60,[],1,5574000
LENOVO,I3-1215,-,DDR4,8GB,256GB,TN,60,['fingerprint'],0,5579000
MSI,I3-1215,-,DDR4,8GB,256GB,IPS,60,[],1,5589000
HP,I3-100,-,DDR4,8GB,512GB,LED,60,[],1,5599000
LENOVO,I3-1215,-,DDR4,8GB,256GB,TN,60,[],0,5599000
HP,I3-1215,-,DDR4,8GB,512GB,LED,60,[],1,5599000
ASUS,RYZEN 3-7320,-,DDR5,8GB,256GB,LED,60,[],1,5599000
AXIOO,RYZEN 5-7430,-,DDR4,8GB,256GB,LCD,60,[],1,5649000
LENOVO,I5-6500,-,DDR4,16GB,256GB,TN,60,['yoga'],0,5680000
ASUS,RYZEN 3-7320,-,DDR5,8GB,256GB,LED,60,['fingerprint'],1,5689000
ASUS,RYZEN 3-7320,-,DDR5,8GB,256GB,LED,60,['fingerprint'],1,5689000
ASUS,RYZEN 3-7320,-,DDR5,8GB,256GB,LED,60,['fingerprint'],1,5689000
ACER,I3-1215,-,DDR4,8GB,256GB,IPS,60,[],1,5719000
LENOVO,I3-1215,-,DDR4,8GB,512GB,TN,60,[],0,5739000
HP,I3-1215,-,DDR4,8GB,512GB,LED,60,[],1,5746000
LENOVO,I3-1215,-,DDR4,16GB,256GB,TN,60,[],1,5749000
ASUS,CELERON N4500,-,DDR4,,320GB,IPS,60,[],1,5789000
LENOVO,RYZEN 3-7320,-,DDR5,8GB,256GB,TN,60,['fingerprint'],0,5798900
HP,I3-1215,-,DDR4,8GB,512GB,LED,60,[],1,5799000
ASUS,I3-N305,-,DDR4,8GB,256GB,LED,60,[],1,5805000
ASUS,RYZEN 3-7320,-,DDR5,8GB,256GB,LCD,60,['fingerprint'],1,5839000
ASUS,RYZEN 5-7520,-,DDR5,16GB,512GB,LED,60,[],1,5879000
ACER,I3-N355,-,DDR5,8GB,256GB,IPS,60,[],1,5889000
ASUS,RYZEN 3-7320,-,DDR5,8GB,512GB,LED,60,['fingerprint'],1,5895000
ASUS,I3-1215,-,DDR4,16GB,256GB,LED,60,[],1,5899000
ADVAN,N100,-,DDR5,12GB,512GB,IPS,60,[],1,5899000
ASUS,I3-1215,-,DDR4,8GB,256GB,LED,60,[],1,5899000
ASUS,I3-1215,-,DDR4,8GB,512GB,IPS,60,[],1,5899000
ASUS,RYZEN 3-7320,-,DDR5,8GB,512GB,LED,60,[],1,5907000
ASUS,RYZEN 3-7320,-,DDR5,8GB,256GB,LCD,60,['fingerprint'],1,5959000
TECNO,I5-13420,-,DDR4,16GB,512GB,LED,60,['fingerprint'],1,5994000
ASUS,I3-10110,-,DDR4,,256GB,LED,60,[],1,5999000
HP,I3-1315,-,DDR4,8GB,256GB,IPS,60,[],1,5999000
,I7-10610,-,DDR4,16GB,128GB,LED,60,[],1,6000000
HP,RYZEN 3-3250,-,DDR4,8GB,256GB,IPS,60,[],1,6029000
LENOVO,RYZEN 3-7320,-,DDR4,8GB,512GB,TN,60,[],0,6049000
LENOVO,RYZEN 3-7320,-,DDR5,8GB,512GB,TN,60,['fingerprint'],0,6059000
LENOVO,RYZEN 3-7320,-,DDR5,8GB,512GB,TN,60,['fingerprint'],0,6069000
ASUS,I3-1215,-,DDR4,8GB,512GB,LED,60,[],1,6076200
LENOVO,RYZEN 5-7530,-,DDR4,16GB,512GB,LED,60,[],0,6089000
ASUS,I3-N305,-,DDR4,8GB,512GB,LED,60,[],1,6149000
ASUS,I3-1115,-,DDR4,,256GB,LED,60,[],1,6149000
ACER,ATHLON SILVE,-,DDR4,20GB,512GB,LED,60,[],1,6159900
ACER,I3-1115,-,DDR4,,256GB,IPS,60,[],1,6197100
ASUS,I3-1005,-,DDR4,8GB,512GB,LED,60,['fingerprint'],1,6199000
INFINIX,RYZEN 5-7430,-,DDR4,8GB,512GB,IPS,60,[],1,6199000
INFINIX,,-,DDR4,8GB,512GB,LED,60,[],1,6199000
LENOVO,I3-10110,-,DDR4,12GB,512GB,TN,60,[],0,6261000
ACER,RYZEN 5-7520,-,DDR5,8GB,256GB,LED,60,[],1,6299000
ADVAN,I5-1035,-,DDR4,8GB,256GB,IPS,60,[],1,6299000
LENOVO,I3-1215,-,DDR4,8GB,512GB,TN,60,[],0,6299000
ASUS,I3-1115,-,DDR4,8GB,256GB,LED,60,"['fingerprint', 'flex']",1,6375000
AXIOO,RYZEN 7-57825,-,DDR4,8GB,512GB,LCD,60,[],1,6399000
HP,I3-100,-,DDR4,32GB,512GB,IPS,60,[],1,6399000
INFINIX,I3-1005,-,DDR4,8GB,256GB,LED,60,[],1,6400000
ADVAN,I3-1215,-,DDR4,8GB,512GB,IPS,60,[],1,6498000
LENOVO,I3-1005,-,DDR4,8GB,,TN,60,['fingerprint'],1,6499000
ASUS,I3-1115,-,DDR4,8GB,256GB,IPS,60,[],1,6499000
HP,I3-1215,-,DDR4,8GB,512GB,LED,60,[],1,6499000
HP,,-,DDR4,8GB,1024GB,LED,60,[],1,6500000
ACER,I3-7020,-,DDR4,,1024GB,LED,60,[],1,6500000
ASUS,I3-1315,-,DDR4,8GB,256GB,VA,60,['fingerprint'],1,6519000
AXIOO,I5-1235,-,DDR4,16GB,512GB,IPS,60,[],1,6549000
LENOVO,I3-1315,-,DDR5,8GB,512GB,TN,60,[],0,6558900
LENOVO,I3-1315,-,DDR5,8GB,512GB,TN,60,[],0,6559000
INFINIX,I5-1155,-,DDR4,8GB,512GB,IPS,60,[],1,6589000
HP,I3-1115,-,DDR4,8GB,256GB,IPS,60,[],1,6599000
LENOVO,I3-1215,-,DDR4,8GB,256GB,TN,60,['fingerprint'],0,6599000
LENOVO,RYZEN 5-7520,-,DDR5,8GB,512GB,TN,60,[],0,6599000
LENOVO,I5-1035,-,DDR4,8GB,512GB,LED,60,[],1,6605745
HP,I5-1135,-,DDR4,8GB,512GB,LED,60,[],1,6699000
ADVAN,RYZEN 5-6600,-,DDR5,16GB,512GB,IPS,60,['fingerprint'],1,6729000
LENOVO,RYZEN 5-7430,-,DDR4,8GB,512GB,IPS,60,[],0,6749000
LENOVO,ATHLON GOLD,-,DDR4,,256GB,TN,60,[],1,6750000
INFINIX,I5-1334,-,DDR4,16GB,512GB,IPS,60,[],1,6777000
HP,I3-1215,-,DDR4,8GB,512GB,LED,60,[],1,6799000
ACER,I3-1115,-,DDR4,8GB,512GB,LED,60,[],1,6799000
ADVAN,I3-1215,-,DDR5,12GB,512GB,IPS,60,[],1,6799000
AXIOO,CELERON 4020,-,DDR4,8GB,512GB,LED,60,[],1,6859000
ASUS,I3-1315,-,DDR4,8GB,256GB,VA,60,[],1,6879000
ACER,RYZEN 7-5700,-,DDR4,8GB,512GB,LED,60,[],1,6889000
ASUS,ATHLON 3050,-,DDR4,8GB,256GB,LED,60,[],1,6899000
LENOVO,I3-1005,-,DDR4,,256GB,LED,60,[],1,6899000
ASUS,I3-10110,-,DDR4,8GB,256GB,LED,60,['fingerprint'],1,6899000
ACER,RYZEN 7-5700,-,DDR4,16GB,512GB,LCD,60,[],1,6927000
ADVAN,RYZEN 5-6600,-,DDR4,16GB,512GB,IPS,60,['fingerprint'],1,6945000
HP,RYZEN 5-5625,-,DDR4,8GB,512GB,IPS,60,[],1,6999000
ASUS,RYZEN 5-7520,-,DDR5,16GB,512GB,LED,60,[],1,6999000
TECNO,RYZEN 5-7430,-,DDR4,16GB,512GB,IPS,60,[],1,6999000
ASUS,I5-7200,-,DDR4,8GB,1024GB,LED,60,[],1,7000000
HP,I5-1235,-,DDR4,32GB,512GB,LED,60,['fingerprint'],1,7000000
HP,,-,DDR4,,1024GB,LED,60,[],1,7000000
HP,I5-1235,-,DDR4,8GB,512GB,IPS,60,[],1,7005000
,CELERON PROCE,-,DDR4,16GB,512GB,IPS,60,[],1,7080000
DELL,I3-1115,-,DDR4,16GB,256GB,LED,60,[],1,7099000
HP,I5-1235,-,DDR4,8GB,256GB,IPS,60,[],1,7099000
HP,I5-1235,-,DDR4,8GB,256GB,LED,60,[],1,7119000
ASUS,RYZEN 3-7320,-,DDR5,8GB,256GB,OLED,60,[],1,7129000
ASUS,RYZEN 3-7320,-,DDR5,8GB,256GB,OLED,60,[],1,7129000
LENOVO,RYZEN 5-5625,-,DDR4,16GB,512GB,TN,60,[],0,7129000
AXIOO,I3-1215,-,DDR5,24GB,256GB,OLED,60,[],1,7149000
HP,I5-1235,-,DDR4,16GB,512GB,IPS,60,[],1,7170000
ASUS,RYZEN 5-7520,-,DDR5,16GB,512GB,LED,60,['fingerprint'],1,7189000
ASUS,RYZEN 5-7520,-,DDR5,16GB,256GB,IPS,60,[],1,7189000
ASUS,RYZEN 5-7520,-,DDR5,16GB,512GB,IPS,60,[],1,7189000
ASUS,RYZEN 5-7520,-,DDR5,8GB,512GB,IPS,60,['fingerprint'],1,7189000
ASUS,RYZEN 5-7520,-,DDR5,16GB,512GB,LED,60,['fingerprint'],1,7189000
ASUS,CELERON N4020,-,DDR4,8GB,256GB,LED,60,[],1,7199000
ASUS,I5-6200,-,DDR4,8GB,256GB,LED,60,[],1,7250000
HP,RYZEN 5-5500,-,DDR4,8GB,512GB,IPS,60,[],1,7250000
HP,I5-1235,-,DDR4,8GB,256GB,LED,60,[],1,7299000
HP,ATHLON GOLD,-,DDR4,8GB,512GB,LED,60,[],1,7300000
HP,I5-120,-,DDR4,32GB,256GB,LED,60,['fingerprint'],1,7300000
ADVAN,I5-12600,-,DDR5,24GB,512GB,IPS,60,['fingerprint'],1,7319900
HP,RYZEN 5-5625,-,DDR4,8GB,512GB,LED,60,[],1,7349000
AXIOO,I3-1215,-,DDR4,12GB,256GB,OLED,60,[],1,7349000
ASUS,RYZEN 5-7535,-,DDR5,8GB,512GB,LED,60,[],1,7389000
ASUS,RYZEN 5-7535,-,DDR5,8GB,512GB,LED,60,[],1,7399000
ACER,I5-1135,GEFORCE MX450,DDR4,8GB,512GB,IPS,60,[],1,7404700
ACER,I5-1235,-,DDR4,8GB,512GB,IPS,60,[],1,7449000
LENOVO,RYZEN 3-3250,-,DDR4,8GB,256GB,LED,60,[],1,7450000
MSI,I5-1235,-,DDR4,8GB,512GB,IPS,60,[],1,7499000
ACER,I5-1235,-,DDR4,8GB,256GB,LED,60,[],1,7500000
AXIOO,,-,DDR4,,256GB,LED,60,[],1,7500000
DELL,I5-1145,-,DDR4,16GB,512GB,IPS,60,[],1,7574000
HP,I5-1235,-,DDR4,32GB,512GB,IPS,60,[],1,7575000
HP,I5-1235,-,DDR4,16GB,512GB,IPS,60,[],1,7599000
HP,I3-1215,-,DDR4,8GB,512GB,IPS,60,[],1,7600000
HP,I5-1235,-,DDR4,8GB,512GB,IPS,60,['fingerprint'],1,7649000
HP,I5-1235,-,DDR4,8GB,512GB,IPS,60,[],1,7699000
ADVAN,RYZEN 7-6800,-,DDR5,16GB,512GB,IPS,60,[],1,7720000
ASUS,RYZEN 5-7520,-,DDR5,16GB,256GB,IPS,60,[],1,7729000
ACER,RYZEN 5-7520,-,DDR5,8GB,512GB,TN,60,[],1,7743120
AXIOO,I3-1215,-,DDR5,24GB,256GB,OLED,60,[],1,7749000
,I5-7200,-,DDR4,8GB,256GB,LED,60,['fingerprint'],1,7750000
,I5-8365,-,DDR4,,,LED,60,[],1,7775000
LENOVO,I5-12450,-,DDR5,16GB,512GB,IPS,60,[],0,7799000
LENOVO,RYZEN 5-7530,-,DDR4,8GB,512GB,IPS,60,[],0,7827000
LENOVO,RYZEN 5-7530,-,DDR5,8GB,512GB,IPS,60,[],0,7849000
AXIOO,I5-1235,-,DDR5,24GB,512GB,OLED,60,[],1,7899000
LENOVO,I5-1235,-,DDR4,8GB,512GB,LED,60,[],1,7900800
ASUS,RYZEN 5-7520,-,DDR5,16GB,512GB,LED,60,[],1,7950000
ASUS,I3-1005,-,DDR4,8GB,1024GB,LED,60,[],1,7999000
HP,I5-1335,-,DDR4,32GB,256GB,IPS,60,['fingerprint'],1,7999000
ASUS,I3-1005,-,DDR4,,1024GB,LED,60,[],1,7999000
ACER,,-,DDR4,,,LED,60,[],1,8000000
LENOVO,I5-13420,-,DDR5,16GB,512GB,LED,60,[],1,8000000
ASUS,I5-1235,-,DDR4,16GB,512GB,IPS,60,['fingerprint'],1,8029000
ASUS,RYZEN 5-7430,-,DDR4,8GB,512GB,LED,60,['fingerprint'],1,8029000
ASUS,RYZEN 7-7730,-,DDR4,16GB,512GB,IPS,60,['fingerprint'],1,8039000
LENOVO,,-,DDR4,16GB,1024GB,LED,60,[],1,8040000
ASUS,I5-13420,-,DDR5,8GB,512GB,LED,60,[],1,8049000
ASUS,RYZEN 5-5500,-,DDR4,8GB,512GB,IPS,60,[],1,8099000
HP,RYZEN 5-7530,-,DDR4,8GB,256GB,IPS,60,[],1,8099000
LENOVO,I5-1335,-,DDR5,16GB,512GB,IPS,60,[],0,8099000
HP,I5-1235,-,DDR4,8GB,512GB,IPS,60,[],1,8129000
ASUS,I5-1335,-,DDR4,8GB,512GB,VA,60,[],1,8149000
ASUS,I5-1335,-,DDR4,8GB,512GB,VA,60,['fingerprint'],1,8149000
LENOVO,I5-120,-,DDR5,16GB,512GB,IPS,60,[],0,8199000
ASUS,I3-1215,-,DDR4,16GB,256GB,LED,60,['fingerprint'],1,8199000
ACER,I5-1235,-,DDR5,8GB,512GB,IPS,60,[],1,8199000
ACER,I3-N305,-,DDR5,8GB,512GB,IPS,60,[],1,8249000
LENOVO,RYZEN 3-3250,-,DDR4,8GB,256GB,TN,60,['fingerprint'],1,8250000
LENOVO,RYZEN 7-7730,-,DDR4,16GB,512GB,LED,60,[],1,8289000
HP,RYZEN 3-3250,-,DDR4,8GB,256GB,LED,60,[],1,8299000
LENOVO,I5-1005,-,DDR4,,256GB,LED,60,[],1,8300000
ASUS,I5-1334,-,DDR4,8GB,512GB,VA,60,[],1,8339000
,I5-13420,-,DDR4,16GB,512GB,IPS,60,['fingerprint'],1,8349000
ACER,I5-1334,-,DDR5,16GB,512GB,IPS,60,[],1,8349000
ACER,I5-1235,-,DDR5,16GB,512GB,IPS,60,[],1,8349000
ASUS,I5-1235,-,DDR4,8GB,512GB,LED,60,[],1,8389000
HP,I5-1235,-,DDR4,8GB,512GB,LED,60,[],1,8399000
ASUS,I5-1135,-,DDR4,16GB,512GB,LED,60,['fingerprint'],1,8449000
HP,I5-1335,-,DDR4,8GB,512GB,IPS,60,[],1,8449000
LENOVO,I5-13420,-,DDR4,8GB,512GB,IPS,60,[],1,8479000
LENOVO,I5-13420,-,DDR4,16GB,512GB,IPS,60,[],0,8479000
AXIOO,I3-1005,-,DDR4,8GB,256GB,IPS,60,[],1,8499000
ASUS,I5-1335,-,DDR4,8GB,512GB,VA,60,['fingerprint'],1,8509000
LENOVO,I7-1255,-,DDR4,16GB,512GB,IPS,60,[],1,8574000
LENOVO,RYZEN 5-7530,-,DDR4,16GB,512GB,IPS,60,['fingerprint'],0,8599000
HP,RYZEN 7-7730,-,DDR4,16GB,512GB,IPS,60,[],1,8649000
AXIOO,I5-1235,-,DDR5,24GB,512GB,OLED,60,[],1,8649000
LENOVO,N200,-,DDR5,8GB,256GB,IPS,60,['yoga'],0,8649000
HP,RYZEN 7-7730,-,DDR4,16GB,512GB,IPS,60,[],1,8679000
LENOVO,N200,-,DDR5,8GB,256GB,IPS,60,[],0,8699000
LENOVO,I5-12450,-,DDR5,16GB,512GB,IPS,60,['fingerprint'],0,8699000
DELL,RYZEN 7-7730,-,DDR4,32GB,1024GB,LED,120,[],1,8699000
LENOVO,N200,-,DDR5,8GB,256GB,IPS,60,['fingerprint'],0,8775000
ASUS,I5-1135,-,DDR4,8GB,512GB,IPS,60,['fingerprint'],1,8799000
AXIOO,I5-1235,-,DDR4,8GB,,IPS,60,[],1,8849000
LENOVO,RYZEN 5-7530,-,DDR4,8GB,512GB,IPS,60,['fingerprint'],0,8899000
ACER,I7-1255,-,DDR4,8GB,512GB,IPS,60,[],1,8950000
LENOVO,I5-1145,-,DDR4,8GB,512GB,TN,60,[],1,8985000
ASUS,I5-1135,-,DDR4,8GB,,LED,60,[],1,8989000
LENOVO,I7-8550,NVIDIA MX110,DDR4,8GB,1024GB,LED,60,['yoga'],1,8998000
HP,I5-1235,-,DDR4,8GB,512GB,IPS,60,[],1,8999000
HP,I5-1335,-,DDR4,8GB,512GB,IPS,60,[],1,8999000
LENOVO,I7-1255,-,DDR4,16GB,512GB,IPS,60,[],1,8999000
ADVAN,RYZEN 7-7735,-,DDR4,16GB,512GB,IPS,60,[],1,8999999
ACER,I5-10210,-,DDR4,,1024GB,IPS,60,[],1,9000000
LENOVO,I5-1235,-,DDR4,8GB,512GB,LED,60,[],1,9029000
ACER,RYZEN 5-6600,RTX 3050,DDR5,8GB,512GB,IPS,165,[],1,9049000
HP,I5-120,-,DDR5,16GB,512GB,IPS,60,[],1,9074000
HP,RYZEN 5-3500,-,DDR4,8GB,1024GB,IPS,60,[],1,9100000
ASUS,RYZEN 7-5800,-,DDR4,16GB,512GB,IPS,60,['fingerprint'],1,9199000
LENOVO,I5-1245,-,DDR5,8GB,512GB,IPS,60,"['fingerprint', 'yoga']",0,9199000
MSI,I7-1355,-,DDR4,16GB,512GB,IPS,60,[],1,9249000
ADVAN,RYZEN 7-8845,-,DDR5,16GB,512GB,IPS,60,[],1,9289000
ASUS,I5-1035,-,DDR4,8GB,256GB,LED,60,['fingerprint'],1,9299000
ASUS,I3-10110,-,DDR4,8GB,512GB,LED,60,[],1,9299000
HP,I3-1215,-,DDR4,8GB,256GB,IPS,60,[],1,9389000
AXIOO,I7-12650,RTX 2050,DDR4,16GB,,LCD,144,[],1,9389000
LENOVO,RYZEN 7-5700,-,DDR4,16GB,512GB,IPS,60,['flex'],0,9399000
ASUS,I7-1255,-,DDR4,16GB,512GB,LED,60,[],1,9399000
ASUS,RYZEN 7-7730,-,DDR4,16GB,512GB,IPS,60,[],1,9439000
ASUS,RYZEN 7-7730,-,DDR4,16GB,512GB,IPS,60,[],1,9439000
DELL,I7-8550,-,DDR4,8GB,,LED,60,[],1,9450000
TECNO,I9-13900,-,DDR4,16GB,512GB,LED,60,['fingerprint'],1,9479000
ASUS,RYZEN 5-5500,GEFORCE MX450,DDR4,8GB,256GB,IPS,60,[],1,9499000
LENOVO,I5-1135,GEFORCE MX350,DDR5,8GB,512GB,IPS,60,['fingerprint'],1,9499000
TECNO,I9-13900,-,DDR4,16GB,512GB,LED,60,['fingerprint'],1,9499000
HP,RYZEN 5-5500,-,DDR4,8GB,512GB,IPS,60,[],1,9499000
TECNO,I9-13900,-,DDR4,16GB,512GB,LED,60,['fingerprint'],1,9499000
HP,RYZEN 5-3500,-,DDR4,8GB,512GB,IPS,60,[],1,9499000
LENOVO,I7-13620,-,DDR5,16GB,512GB,IPS,60,[],0,9499000
ASUS,,-,DDR4,8GB,256GB,LED,60,[],1,9500000
ACER,RYZEN 5-3500,-,DDR4,8GB,512GB,IPS,60,[],1,9500000
LENOVO,,-,DDR4,8GB,256GB,LED,60,['flex'],1,9500000
INFINIX,I5-1334,-,DDR4,16GB,512GB,OLED,120,[],1,9549000
HP,I5-1334,GEFORCE MX570,DDR4,8GB,512GB,IPS,60,[],1,9569000
ASUS,I7-1255,-,DDR4,16GB,512GB,IPS,60,[],1,9574000
HP,I3-100,-,DDR4,8GB,512GB,IPS,60,['fingerprint'],1,9620000
HP,I5-1334,GEFORCE MX570,DDR4,8GB,512GB,IPS,60,[],1,9669000
ASUS,I7-1255,-,DDR4,8GB,512GB,IPS,60,[],1,9679000
ASUS,I7-1255,-,DDR4,16GB,512GB,IPS,60,[],1,9699000
LENOVO,I5-1135,-,DDR4,8GB,512GB,IPS,60,['fingerprint'],1,9699000
AXIOO,I7-12650,RTX 2050,DDR4,16GB,512GB,LCD,144,[],1,9699000
ASUS,I5-8250,GEFORCE MX130,DDR4,,,LED,60,['fingerprint'],1,9725000
HP,I7-1255,-,DDR4,16GB,512GB,IPS,60,[],1,9749000
HP,I7-1255,-,DDR4,16GB,512GB,IPS,60,[],1,9749000
HP,I7-1255,-,DDR4,16GB,512GB,IPS,60,['fingerprint'],1,9749000
HP,I7-1255,-,DDR4,16GB,512GB,IPS,60,['fingerprint'],1,9749000
LENOVO,I7-150,-,DDR4,16GB,256GB,IPS,60,[],1,9774000
LENOVO,I7-150,-,DDR5,16GB,1024GB,IPS,60,[],0,9799000
LENOVO,I5-12450,RTX 2050,DDR5,12GB,512GB,IPS,60,[],1,9839000
LENOVO,RYZEN 7-7730,-,DDR4,16GB,1024GB,IPS,60,['flex'],0,9874000
ASUS,I7-1255,-,DDR4,16GB,256GB,LED,60,[],1,9874000
ACER,,-,DDR4,8GB,,LED,60,[],1,9900000
LENOVO,I5-12450,RTX3050,DDR4,12GB,512GB,LED,60,[],1,9900000
HP,I5-13420,RTX3050,DDR4,16GB,512GB,IPS,144,[],1,9949000
DELL,I5-1334,-,DDR5,16GB,512GB,LED,60,['fingerprint'],1,9999000
ASUS,I7-1255,-,DDR4,16GB,512GB,LED,60,[],1,9999000
LENOVO,I3-100,-,DDR5,8GB,512GB,IPS,60,['fingerprint'],0,9999000
ASUS,I5-1235,-,DDR4,16GB,256GB,IPS,60,[],1,9999000
ASUS,I5-8265,-,DDR4,8GB,,LED,60,[],1,10000000
HP,,-,DDR4,,,LED,60,[],1,10000000
HP,,-,DDR4,16GB,1000GB,LED,60,[],1,10000000
ACER,I5-10210,-,DDR4,,1024GB,IPS,60,[],1,10000000
ASUS,,-,DDR5,16GB,,IPS,60,[],1,10019000
LENOVO,I7-1260,-,DDR5,16GB,1024GB,IPS,90,[],1,10050000
HP,I7-1255,-,DDR4,8GB,512GB,IPS,60,[],1,10050000
LENOVO,RYZEN 7-7730,-,DDR4,16GB,512GB,IPS,60,"['fingerprint', 'flex']",0,10099000
ACER,I5-125,-,DDR5,16GB,512GB,IPS,60,[],1,10099000
ASUS,RYZEN 7-5800,-,DDR4,16GB,512GB,OLED,60,[],1,10123000
HP,I5-1335,-,DDR4,8GB,512GB,LED,60,[],1,10150000
,I9-10885,-,DDR4,,,IPS,60,[],1,10150000
LENOVO,I3-100,-,DDR4,8GB,512GB,IPS,60,[],0,10190000
HP,I3-100,-,DDR4,8GB,512GB,IPS,60,[],1,10190000
HP,I5-120,-,DDR4,8GB,512GB,IPS,60,['fingerprint'],1,10199000
HP,I5-1335,-,DDR4,16GB,512GB,IPS,60,['fingerprint'],1,10199000
LENOVO,I5-1335,-,DDR4,16GB,512GB,IPS,60,"['fingerprint', 'flex']",0,10199000
ASUS,RYZEN 7-7730,-,DDR4,8GB,512GB,LED,60,['fingerprint'],1,10201800
HP,I5-1334,GEFORCE MX570,DDR4,8GB,512GB,IPS,60,[],1,10290000
LENOVO,RYZEN 7-7730,-,DDR4,16GB,512GB,IPS,60,"['fingerprint', 'flex']",0,10299000
LENOVO,I7-1255,-,DDR4,8GB,512GB,IPS,60,[],1,10299000
HP,I5-120,-,DDR4,8GB,512GB,IPS,60,['fingerprint'],1,10349000
HP,I5-120,-,DDR4,8GB,512GB,IPS,60,['fingerprint'],1,10349000
LENOVO,I5-1335,-,DDR4,8GB,512GB,IPS,60,['flex'],0,10374000
HP,I5-120,-,DDR4,8GB,512GB,IPS,60,[],1,10379000
MSI,I7-12650,RTX 2050,DDR4,8GB,512GB,IPS,144,[],1,10391600
ASUS,I7-1355,-,DDR4,8GB,512GB,VA,60,['fingerprint'],1,10399000
ASUS,I5-1335,-,DDR4,8GB,512GB,LED,60,['fingerprint'],1,10399000
ASUS,I7-1355,-,DDR4,8GB,512GB,VA,60,['fingerprint'],1,10419000
ASUS,I7-1355,-,DDR4,8GB,512GB,VA,60,['fingerprint'],1,10469000
ASUS,I7-1355,-,DDR4,8GB,1024GB,VA,60,['fingerprint'],1,10469000
ASUS,I7-1335,-,DDR4,8GB,512GB,VA,60,['fingerprint'],1,10469000
HP,I7-150,-,DDR4,16GB,512GB,IPS,60,[],1,10499000
ASUS,I5-1335,-,DDR4,8GB,512GB,VA,60,['fingerprint'],1,10499000
ASUS,I7-1355,-,DDR4,8GB,512GB,VA,60,['fingerprint'],1,10499000
HP,I7-1255,-,DDR4,16GB,512GB,IPS,60,[],1,10499000
HP,I5-1135,-,DDR4,8GB,1024GB,LED,60,[],1,10499000
ASUS,I7-1355,-,DDR4,8GB,512GB,VA,60,['fingerprint'],1,10499000
HP,RYZEN 5-7540,-,DDR5,16GB,,LED,60,[],1,10499000
LENOVO,RYZEN 5-5300,-,DDR4,8GB,,IPS,60,['flex'],1,10499000
HP,I5-1335,-,DDR4,8GB,512GB,LED,60,[],1,10550000
ASUS,I7-1355,-,DDR4,8GB,512GB,VA,60,[],1,10579000
HP,I5-1240,-,DDR4,8GB,512GB,IPS,60,[],1,10587203
HP,I5-12450,GEFORCE RTX3050,DDR4,8GB,512GB,IPS,144,[],1,10589000
ACER,I7-11370,-,DDR4,16GB,1024GB,IPS,60,[],1,10589000
HP,I5-1235,-,DDR4,8GB,512GB,IPS,60,[],1,10599000
ASUS,I7-1355,-,DDR4,8GB,512GB,VA,60,['fingerprint'],1,10599000
LENOVO,I7-13620,-,DDR5,16GB,512GB,IPS,60,[],0,10619000
HP,RYZEN 7-7730,-,DDR4,16GB,512GB,IPS,60,[],1,10699000
LENOVO,I5-120,-,DDR5,16GB,512GB,IPS,60,['fingerprint'],0,10699000
HP,I5-120,-,DDR4,8GB,512GB,IPS,60,['fingerprint'],1,10699000
ACER,I5-1135,-,DDR4,8GB,512GB,LCD,60,[],1,10701773
ASUS,I7-1355,-,DDR4,8GB,512GB,VA,60,['fingerprint'],1,10719000
ASUS,RYZEN 5-7430,-,DDR4,8GB,512GB,IPS,60,['fingerprint'],1,10729000
ASUS,I5-125,-,DDR5,8GB,1024GB,OLED,60,[],1,10749000
LENOVO,RYZEN 7-5700,-,DDR4,8GB,512GB,IPS,60,"['fingerprint', 'flex']",0,10760000
LENOVO,RYZEN 7-8845,-,DDR5,16GB,1024GB,IPS,60,['fingerprint'],0,10799000
LENOVO,RYZEN 7-7730,-,DDR4,16GB,512GB,IPS,60,[],0,10799000
ACER,I7-1165,-,DDR4,8GB,512GB,IPS,60,[],1,10850000
ACER,I7-12650,-,DDR5,16GB,1024GB,IPS,60,[],1,10949000
LENOVO,RYZEN 7-8845,-,DDR5,16GB,1024GB,IPS,60,[],0,10959000
HP,I5-1335,-,DDR5,16GB,,LED,60,[],1,10990000
HP,I5-120,-,DDR4,16GB,1024GB,IPS,60,[],1,10999000
HP,I3-1005,-,DDR4,,256GB,LED,60,[],1,10999000
LENOVO,RYZEN 5-8645,-,DDR5,16GB,512GB,IPS,60,[],0,11019000
LENOVO,I5-1135,-,DDR4,8GB,512GB,IPS,60,['fingerprint'],0,11099000
DELL,I5-120,-,DDR5,8GB,512GB,IPS,60,[],1,11099000
LENOVO,RYZEN 7-5825,-,DDR4,16GB,512GB,IPS,60,['flex'],0,11099000
LENOVO,I7-13620,-,DDR5,16GB,512GB,IPS,60,[],0,11139000
,I7-1260,-,DDR5,8GB,512GB,LED,60,['fingerprint'],1,11199000
LENOVO,I7-1355,-,DDR4,16GB,512GB,IPS,60,[],0,11199000
ASUS,I7-12700,-,DDR4,8GB,1024GB,OLED,60,[],1,11199000
HP,RYZEN 7-5700,-,DDR4,8GB,512GB,IPS,60,[],1,11249000
ASUS,I7-150,-,DDR4,16GB,512GB,IPS,60,[],1,11249000
HP,I7-1355,-,DDR4,16GB,512GB,IPS,60,[],1,11279000
LENOVO,I7-150,-,DDR5,16GB,512GB,IPS,60,['fingerprint'],0,11299000
HP,I7-1355,-,DDR4,16GB,512GB,IPS,60,['fingerprint'],1,11299000
HP,I7-1355,-,DDR4,16GB,512GB,IPS,60,[],1,11299000
LENOVO,RYZEN 5-5500,-,DDR4,8GB,512GB,LED,60,['flex'],1,11299000
ASUS,I7-150,-,DDR4,16GB,512GB,LED,60,[],1,11299000
ASUS,I7-2700,-,DDR4,8GB,512GB,OLED,90,['fingerprint'],1,11299000
HP,I5-125,-,DDR5,16GB,512GB,IPS,60,['fingerprint'],1,11349000
HP,I7-1355,-,DDR4,16GB,512GB,IPS,60,[],1,11349000
LENOVO,I7-150,-,DDR5,16GB,1024GB,IPS,60,[],0,11349000
ASUS,RYZEN 7-7730,-,DDR4,16GB,1024GB,OLED,60,[],1,11349000
HP,I5-120,-,DDR4,16GB,512GB,IPS,60,['fingerprint'],1,11349000
HP,I7-1355,-,DDR4,16GB,512GB,LED,60,[],1,11350000
LENOVO,RYZEN 7-7730,-,DDR4,16GB,512GB,IPS,60,[],0,11390000
DELL,I5-120,-,DDR5,8GB,512GB,IPS,60,['fingerprint'],1,11399000
LENOVO,I7-150,-,DDR5,16GB,512GB,IPS,60,['fingerprint'],0,11399000
HP,I7-1255,-,DDR4,16GB,512GB,IPS,60,[],1,11444000
ASUS,I5-125,-,DDR5,8GB,512GB,OLED,60,[],1,11449000
HP,I5-1335,-,DDR4,8GB,512GB,LED,60,['fingerprint'],1,11450000
LENOVO,I5-1235,-,DDR4,8GB,512GB,IPS,60,"['fingerprint', 'yoga']",1,11499000
LENOVO,I7-150,-,DDR5,16GB,256GB,IPS,60,['fingerprint'],1,11499000
LENOVO,I5-13420,-,DDR5,16GB,512GB,IPS,60,[],0,11499000
LENOVO,I7-150,-,DDR5,16GB,512GB,IPS,60,[],0,11519000
ASUS,,-,DDR5,16GB,512GB,IPS,60,[],1,11539000
LENOVO,I7-150,-,DDR5,16GB,1024GB,IPS,60,[],1,11549000
HP,RYZEN 5-8640,-,DDR5,16GB,512GB,IPS,60,[],1,11549000
LENOVO,RYZEN 7-5700,-,DDR4,8GB,512GB,IPS,60,['flex'],0,11585300
ASUS,I5-125,-,DDR5,8GB,512GB,OLED,60,[],1,11599000
HP,I7-1255,-,DDR4,16GB,512GB,IPS,60,['fingerprint'],1,11599000
ASUS,RYZEN 5-7430,-,DDR4,16GB,512GB,LED,60,['fingerprint'],1,11599000
ASUS,I7-1355,-,DDR4,8GB,1024GB,VA,60,['fingerprint'],1,11649000
MSI,I7-12650,RTX 3050,DDR4,8GB,512GB,IPS,144,[],1,11682500
LENOVO,I5-12450,RTX3050,DDR4,12GB,512GB,LED,60,[],1,11699000
LENOVO,RYZEN 5-8645,-,DDR5,16GB,1024GB,IPS,60,['fingerprint'],0,11699000
ASUS,I7-1355,-,DDR4,8GB,,VA,60,['fingerprint'],1,11699000
LENOVO,RYZEN 7-8845,-,DDR5,16GB,1024GB,IPS,60,['fingerprint'],0,11699000
LENOVO,I5-125,-,DDR5,16GB,512GB,OLED,60,[],0,11699000
ASUS,I7-150,-,DDR4,16GB,1024GB,IPS,60,[],1,11739000
ASUS,I7-150,-,DDR4,16GB,1024GB,IPS,60,[],1,11749000
HP,I7-155,-,DDR5,16GB,512GB,IPS,60,[],1,11799000
ASUS,I7-1260,-,DDR4,16GB,512GB,IPS,60,['fingerprint'],1,11799000
HP,I5-120,-,DDR4,16GB,512GB,IPS,60,['fingerprint'],1,11799000
HP,I5-1334,-,DDR4,32GB,512GB,IPS,60,[],1,11799000
HP,I5-120,-,DDR4,16GB,512GB,IPS,60,['fingerprint'],1,11879000
LENOVO,I7-150,-,DDR5,16GB,512GB,IPS,60,[],0,11899000
ASUS,I7-150,-,DDR4,16GB,1024GB,IPS,60,[],1,11919000
ASUS,I7-1355,-,DDR4,16GB,1024GB,VA,60,['fingerprint'],1,11998000
ASUS,I7-1355,-,DDR4,16GB,1024GB,VA,60,['fingerprint'],1,11998000
ASUS,I7-1355,-,DDR4,8GB,512GB,VA,60,['fingerprint'],1,11999000
ASUS,I7-150,-,DDR4,16GB,512GB,LED,60,['fingerprint'],1,12049000
HP,I5-1335,-,DDR5,16GB,512GB,IPS,60,[],1,12099000
LENOVO,I7-150,-,DDR5,16GB,512GB,IPS,60,[],0,12099000
ACER,I9-13900,-,DDR5,8GB,512GB,IPS,60,[],1,12169000
LENOVO,I5-120,-,DDR5,16GB,512GB,OLED,60,[],0,12199000
LENOVO,I7-13620,-,DDR5,16GB,512GB,IPS,60,[],0,12200000
LENOVO,I5-13420,-,DDR5,16GB,512GB,IPS,60,['fingerprint'],0,12206000
HP,I5-13420,RTX 3050,DDR4,8GB,512GB,IPS,144,[],1,12219000
ASUS,I5-1335,-,DDR4,8GB,512GB,LED,60,['fingerprint'],1,12249000
HP,I5-125,-,DDR5,16GB,512GB,IPS,60,[],1,12249000
HP,I5-13420,RTX 3050,DDR4,16GB,1024GB,IPS,144,[],1,12249000
HP,I7-1355,-,DDR4,16GB,512GB,IPS,60,[],1,12249000
ASUS,I7-155,-,DDR5,16GB,1024GB,OLED,120,[],1,12299000
HP,I5-1335,-,DDR4,16GB,512GB,IPS,60,['fingerprint'],1,12394000
HP,I5-125,-,DDR5,16GB,512GB,IPS,120,[],1,12399000
HP,RYZEN 5-7535,RTX 2050,DDR5,32GB,512GB,IPS,144,[],1,12399000
HP,RYZEN 7-8840,-,DDR5,16GB,1024GB,IPS,60,[],1,12399000
HP,I7-1355,NVIDIA MX570,DDR4,8GB,512GB,IPS,60,[],1,12399000
ACER,I5-1135,-,DDR4,16GB,512GB,IPS,60,['fingerprint'],1,12399000
HP,RYZEN 7-7730,-,DDR4,16GB,512GB,IPS,90,[],1,12449000
LENOVO,,-,DDR5,16GB,1024GB,OLED,60,['fingerprint'],0,12449000
HP,RYZEN 7-8840,-,DDR5,16GB,512GB,IPS,120,[],1,12449000
ASUS,I7-1355,-,DDR4,8GB,512GB,VA,60,['fingerprint'],1,12490000
HP,I5-13420,RTX 3050,DDR4,8GB,512GB,LED,144,[],1,12491000
HP,I7-1355,GEFORCE MX570,DDR4,16GB,512GB,IPS,60,[],1,12499000
MSI,I7-12650,RTX 2050,DDR4,8GB,512GB,IPS,144,[],1,12499000
HP,I7-1255,-,DDR4,16GB,512GB,IPS,60,['fingerprint'],1,12499000
LENOVO,I7-150,-,DDR5,16GB,512GB,LED,60,[],1,12499000
ACER,I5-115,-,DDR4,16GB,512GB,IPS,60,[],1,12499000
,I5-12450,RTX 4050,DDR5,16GB,512GB,LED,144,[],1,12509000
ASUS,I5-13500,RTX 2050,DDR4,8GB,512GB,IPS,60,['fingerprint'],1,12592000
LENOVO,,-,DDR5,16GB,1024GB,OLED,60,['fingerprint'],0,12599000
HP,I5-1135,-,DDR4,16GB,512GB,IPS,60,[],1,12599000
HP,I7-1355,-,DDR4,16GB,1024GB,IPS,60,[],1,12599000
ACER,I7-150,-,DDR5,16GB,512GB,IPS,60,[],1,12599000
LENOVO,I5-12450,RTX 3050,DDR5,32GB,512GB,IPS,60,[],1,12600000
HP,RYZEN 7-8840,-,DDR5,16GB,1024GB,IPS,120,[],1,12699000
LENOVO,I7-150,-,DDR5,16GB,512GB,IPS,60,['fingerprint'],1,12699000
LENOVO,RYZEN 5-340,-,DDR5,16GB,512GB,OLED,60,[],0,12699000
LENOVO,I5-120,-,DDR5,8GB,512GB,IPS,60,['fingerprint'],1,12699000
ASUS,I7-150,-,DDR4,8GB,1024GB,IPS,60,['fingerprint'],1,12719000
HP,I5-125,-,DDR5,16GB,512GB,IPS,60,[],1,12749000
ACER,I7-12650,NVIDIA RTX3050,DDR4,16GB,,IPS,144,[],1,12749000
LENOVO,I5-125,-,DDR5,16GB,512GB,OLED,60,[],0,12799000
HP,I7-1255,-,DDR4,8GB,512GB,LED,60,[],1,12799000
LENOVO,I7-1255,-,DDR4,16GB,512GB,IPS,60,[],0,12799000
LENOVO,I7-1255,-,DDR4,8GB,512GB,LED,60,[],1,12811250
HP,I7-1260,-,DDR4,32GB,512GB,IPS,60,[],1,12819000
LENOVO,I5-120,-,DDR5,16GB,512GB,IPS,60,['fingerprint'],0,12890000
HP,RYZEN 7-5700,-,DDR4,16GB,128GB,LED,60,[],1,12899000
LENOVO,I5-120,-,DDR5,16GB,512GB,OLED,60,['fingerprint'],0,12920000
LENOVO,I7-155,-,DDR5,16GB,512GB,OLED,60,[],0,12923000
LENOVO,I5-13450,RTX 3050,DDR5,32GB,512GB,IPS,144,[],1,12970000
LENOVO,I5-13450,RTX 3050,DDR5,32GB,512GB,IPS,144,[],1,12970000
LENOVO,I7-1255,-,DDR4,8GB,512GB,IPS,60,[],0,12999000
LENOVO,I7-13620,-,DDR5,16GB,512GB,OLED,60,[],0,12999000
ASUS,I7-1355,-,DDR4,8GB,1024GB,VA,60,['fingerprint'],1,12999000
HP,I7-150,-,DDR4,16GB,1024GB,IPS,60,['fingerprint'],1,12999000
HP,I7-150,-,DDR4,16GB,1024GB,IPS,60,[],1,12999000
HP,I5-120,-,DDR4,8GB,512GB,IPS,60,[],1,12999000
ASUS,I5-13500,-,DDR4,8GB,512GB,OLED,60,[],1,13049000
ASUS,I5-13500,-,DDR4,8GB,512GB,OLED,90,['fingerprint'],1,13049000
ASUS,I5-13500,-,DDR4,8GB,512GB,VA,90,['fingerprint'],1,13079000
ACER,I5-125,-,DDR5,32GB,512GB,OLED,90,['fingerprint'],1,13099000
LENOVO,I7-13620,-,DDR5,16GB,512GB,IPS,60,[],0,13099000
ASUS,I5-13500,-,DDR4,8GB,512GB,OLED,90,['fingerprint'],1,13119000
ASUS,I5-13500,-,DDR4,8GB,512GB,OLED,90,['fingerprint'],1,13119000
HP,I7-150,-,DDR5,16GB,1024GB,IPS,60,[],1,13129000
LENOVO,I5-1335,-,DDR4,16GB,512GB,OLED,60,['flex'],0,13190000
LENOVO,RYZEN 5-340,-,DDR5,16GB,512GB,OLED,60,[],0,13199000
LENOVO,I7-155,-,DDR5,16GB,512GB,OLED,60,['fingerprint'],0,13199000
ASUS,I7-1355,-,DDR4,8GB,512GB,VA,60,['fingerprint'],1,13199000
HP,RYZEN 7-8840,-,DDR5,16GB,512GB,IPS,60,[],1,13249000
HP,RYZEN 7-8840,-,DDR5,16GB,1024GB,IPS,60,['fingerprint'],1,13249000
LENOVO,I5-120,-,DDR5,16GB,512GB,OLED,60,[],0,13290000
MSI,I7-12650,RTX 3050,DDR4,8GB,512GB,IPS,144,[],1,13299000
HP,I5-125,-,DDR5,16GB,1024GB,IPS,60,[],1,13299000
HP,RYZEN 5-8640,-,DDR4,16GB,512GB,IPS,60,[],1,13299000
MSI,I7-13620,RTX 3050,DDR5,16GB,512GB,IPS,144,[],1,13299000
LENOVO,I7-1165,NVIDIA MX350,DDR4,,,LED,60,[],1,13300000
ACER,I5-125,-,DDR5,32GB,512GB,OLED,90,[],1,13339000
LENOVO,I7-1355,-,DDR4,16GB,1024GB,IPS,60,"['yoga', 'flex']",0,13349000
LENOVO,I7-13620,-,DDR5,16GB,1024GB,OLED,60,[],1,13399000
HP,RYZEN 7-8840,-,DDR5,16GB,1024GB,IPS,60,[],1,13399000
LENOVO,I7-13620,-,DDR5,32GB,1024GB,OLED,60,[],1,13399000
LENOVO,I7-13620,-,DDR5,16GB,1024GB,OLED,60,['fingerprint'],0,13399000
LENOVO,RYZEN 5-7530,-,DDR4,16GB,512GB,IPS,60,['yoga'],0,13448000
ACER,RYZEN 5-5500,RTX 3050,DDR4,16GB,512GB,IPS,60,[],1,13479000
LENOVO,I7-150,-,DDR5,16GB,512GB,IPS,60,['fingerprint'],0,13499000
DELL,I7-1365,-,DDR4,32GB,1024GB,IPS,60,['fingerprint'],1,13499000
HP,I7-150,-,DDR4,16GB,512GB,IPS,60,[],1,13499000
HP,RYZEN 7-8840,-,DDR5,16GB,1024GB,IPS,60,[],1,13499000
LENOVO,I5-120,-,DDR5,16GB,512GB,OLED,60,[],0,13499000
HP,I7-150,-,DDR4,16GB,512GB,IPS,60,['fingerprint'],1,13499000
LENOVO,I7-1255,-,DDR4,8GB,512GB,IPS,60,[],1,13499000
DELL,I7-1365,-,DDR5,32GB,1024GB,IPS,60,[],1,13499000
HP,I5-1135,-,DDR4,8GB,512GB,LED,60,['fingerprint'],1,13500000
HP,RYZEN 7-8840,-,DDR5,16GB,1024GB,IPS,60,[],1,13519000
LENOVO,I7-13620,-,DDR5,16GB,512GB,OLED,60,[],0,13590000
LENOVO,I7-155,-,DDR5,16GB,512GB,IPS,60,[],0,13590000
HP,I7-150,-,DDR4,16GB,512GB,IPS,60,['fingerprint'],1,13599000
ASUS,RYZEN 7-8840,-,DDR5,16GB,512GB,OLED,60,[],1,13599000
HP,I7-150,-,DDR4,16GB,512GB,IPS,60,[],1,13599000
HP,I7-150,-,DDR4,16GB,512GB,IPS,60,['fingerprint'],1,13599000
HP,I7-150,-,DDR4,16GB,512GB,IPS,60,['fingerprint'],1,13699000
LENOVO,RYZEN 7-350,-,DDR5,16GB,512GB,OLED,60,[],0,13699000
LENOVO,I5-120,-,DDR5,16GB,512GB,OLED,60,['fingerprint'],0,13699000
LENOVO,I7-155,-,DDR5,16GB,512GB,OLED,60,[],0,13699000
HP,I7-150,-,DDR4,16GB,512GB,IPS,60,[],1,13699000
ASUS,RYZEN 7-260,-,DDR5,16GB,1024GB,LED,60,[],1,13799000
LENOVO,I7-13620,-,DDR5,16GB,512GB,OLED,60,[],0,13799000
ADVAN,I7-1255,-,DDR4,16GB,1024GB,LED,60,[],1,13899000
ACER,I5-125,-,DDR5,32GB,512GB,IPS,60,['fingerprint'],1,13899000
LENOVO,I7-13620,-,DDR5,16GB,512GB,OLED,60,['fingerprint'],0,13943000
LENOVO,I7-1165,-,DDR4,8GB,512GB,TN,60,[],1,13999000
LENOVO,I5-125,-,DDR5,8GB,512GB,IPS,60,['fingerprint'],1,13999000
ASUS,RYZEN 7-7730,-,DDR4,8GB,1024GB,OLED,90,['fingerprint'],1,13999000
LENOVO,I7-13620,-,DDR5,16GB,512GB,IPS,60,[],0,13999000
LENOVO,RYZEN 5-8640,-,DDR5,16GB,512GB,OLED,60,"['fingerprint', 'yoga']",0,13999000
LENOVO,I7-13620,-,DDR5,16GB,1024GB,OLED,60,[],0,14006000
ASUS,I5-1135,-,DDR4,16GB,512GB,LCD,60,[],1,14029000
ACER,I7-155,-,DDR5,16GB,1024GB,IPS,60,['fingerprint'],1,14099000
DELL,I5-1145,-,DDR4,8GB,512GB,LED,60,[],1,14100000
HP,I5-120,-,DDR4,16GB,512GB,IPS,60,[],1,14150000
LENOVO,I7-150,-,DDR5,16GB,512GB,IPS,60,['fingerprint'],0,14259000
HP,I5-13420,RTX 4050,DDR4,16GB,512GB,IPS,144,[],1,14299000
HP,I5-12500,RTX 3050,DDR4,8GB,512GB,IPS,144,[],1,14300000
LENOVO,I7-155,-,DDR5,16GB,512GB,IPS,60,[],0,14303000
LENOVO,I7-150,-,DDR5,16GB,512GB,IPS,60,[],0,14306000
LENOVO,I7-13620,-,DDR5,16GB,512GB,OLED,60,[],0,14319000
LENOVO,I7-150,-,DDR5,16GB,512GB,IPS,60,['fingerprint'],0,14349000
ASUS,I5-13500,-,DDR4,16GB,512GB,OLED,90,[],1,14355092
HP,I7-155,-,DDR5,16GB,1024GB,IPS,120,[],1,14399000
HP,I7-155,-,DDR5,16GB,1024GB,IPS,60,[],1,14399000
ACER,I7-13700,-,DDR5,16GB,1024GB,OLED,90,[],1,14399000
DELL,I7-150,-,DDR5,16GB,512GB,LED,60,[],1,14399000
HP,I5-1335,-,DDR4,16GB,512GB,IPS,60,[],1,14419000
LENOVO,I7-150,-,DDR5,16GB,512GB,OLED,60,['fingerprint'],0,14449000
LENOVO,I5-125,-,DDR5,16GB,512GB,OLED,60,"['fingerprint', 'yoga']",0,14450000
HP,RYZEN 7-8840,-,DDR5,16GB,1024GB,IPS,60,[],1,14469000
ASUS,,-,DDR5,16GB,512GB,IPS,60,[],1,14469000
ASUS,I9-185,-,DDR5,16GB,1024GB,OLED,120,[],1,14489000
LENOVO,I7-150,-,DDR5,16GB,512GB,IPS,60,[],0,14499000
ASUS,I7-1355,-,DDR4,16GB,512GB,LED,60,['fingerprint'],1,14499000
ASUS,I9-185,-,DDR5,16GB,1024GB,OLED,120,[],0,14499000
LENOVO,I7-150,-,DDR5,16GB,512GB,IPS,60,['fingerprint'],0,14507000
LENOVO,I7-150,-,DDR5,16GB,512GB,IPS,60,[],0,14557000
ASUS,I5-13500,-,DDR4,16GB,512GB,OLED,90,[],1,14597300
MSI,I5-13420,RTX 4060,DDR5,16GB,512GB,IPS,144,[],1,14599000
LENOVO,RYZEN 5-8640,-,DDR5,16GB,512GB,OLED,60,"['fingerprint', 'yoga']",0,14599000
ASUS,I9-13900,-,DDR5,16GB,1024GB,OLED,120,[],1,14599000
ASUS,I7-150,-,DDR4,16GB,1024GB,IPS,60,[],1,14659000
ACER,I7-155,-,DDR5,16GB,512GB,OLED,90,['fingerprint'],1,14699000
ASUS,I7-1355,-,DDR4,16GB,512GB,LED,60,[],1,14699000
,I7-150,-,DDR4,16GB,512GB,LED,60,['fingerprint'],1,14699000
LENOVO,I7-155,-,DDR5,16GB,1024GB,IPS,60,"['fingerprint', 'yoga']",0,14699000
ASUS,I7-1355,-,DDR4,16GB,512GB,LED,60,[],1,14699000
LENOVO,I7-150,-,DDR5,16GB,512GB,IPS,60,['fingerprint'],0,14699000
LENOVO,I7-155,-,DDR5,32GB,1024GB,OLED,60,"['fingerprint', 'yoga']",0,14699000
LENOVO,I7-1165,-,DDR4,8GB,512GB,IPS,60,[],0,14735000
LENOVO,RYZEN 7-8840,-,DDR5,16GB,1024GB,IPS,60,"['fingerprint', 'yoga']",0,14749000
LENOVO,I7-150,-,DDR5,16GB,512GB,IPS,60,['fingerprint'],0,14790000
LENOVO,RYZEN 7-5700,-,DDR4,8GB,512GB,IPS,60,['flex'],1,14790000
HP,I5-12500,RTX 3050,DDR4,8GB,512GB,IPS,60,[],1,14799000
ASUS,I9-185,-,DDR5,16GB,1024GB,OLED,60,[],1,14799000
DELL,I7-1355,-,DDR4,8GB,512GB,LED,60,['fingerprint'],1,14849000
LENOVO,I7-13620,-,DDR5,16GB,512GB,OLED,60,['fingerprint'],0,14899000
LENOVO,RYZEN 5-8640,-,DDR5,16GB,512GB,OLED,60,"['fingerprint', 'yoga']",0,14899000
LENOVO,RYZEN 5-8640,-,DDR5,16GB,512GB,OLED,60,"['fingerprint', 'yoga']",0,14899000
LENOVO,RYZEN 5-8640,-,DDR5,16GB,512GB,OLED,60,"['fingerprint', 'yoga']",0,14899000
HP,I7-1165,-,DDR4,16GB,512GB,IPS,60,[],1,14900000
ASUS,I9-13900,-,DDR4,16GB,1024GB,OLED,90,[],1,14989000
LENOVO,I7-13700,-,DDR5,16GB,512GB,IPS,60,['yoga'],0,14999000
ASUS,I9-13900,-,DDR5,16GB,1024GB,OLED,90,[],1,14999000
LENOVO,I7-150,-,DDR5,16GB,512GB,OLED,60,['fingerprint'],0,14999000
HP,I5-1135,-,DDR4,8GB,512GB,LED,60,['fingerprint'],1,15000000
ASUS,,-,DDR4,8GB,,LED,60,[],1,15000000
HP,I5-1135,-,DDR4,8GB,512GB,LED,60,['fingerprint'],1,15000000
DELL,I5-1334,-,DDR5,8GB,512GB,IPS,60,[],1,15000000
ASUS,I5-13500,-,DDR4,8GB,512GB,VA,60,[],1,15011000
ASUS,I9-13900,-,DDR5,16GB,1024GB,OLED,90,[],1,15049000
LENOVO,I5-125,-,DDR5,16GB,512GB,OLED,60,"['fingerprint', 'yoga']",0,15065000
LENOVO,I5-1335,-,DDR4,16GB,512GB,LED,60,['fingerprint'],0,15199000
HP,RYZEN 7-8845,-,DDR5,16GB,1024GB,OLED,60,[],1,15199000
LENOVO,I5-1335,-,DDR4,16GB,512GB,LED,60,[],0,15199000
HP,I7-150,-,DDR4,16GB,512GB,IPS,60,[],1,15199000
LENOVO,I5-1335,-,DDR4,16GB,512GB,LED,60,['fingerprint'],0,15199000
DELL,I7-11390,-,DDR4,16GB,512GB,LED,60,['fingerprint'],1,15200000
ASUS,I7-155,-,DDR5,16GB,1024GB,OLED,60,[],1,15229000
ASUS,I7-255,-,DDR5,16GB,1024GB,IPS,60,[],1,15249000
DELL,I5-10210,-,DDR4,,256GB,LED,60,[],1,15250000
ASUS,I5-13500,-,DDR4,16GB,512GB,OLED,90,[],1,15289000
ASUS,I5-13500,-,DDR4,16GB,512GB,OLED,90,[],1,15289000
LENOVO,I7-1355,-,DDR4,16GB,512GB,OLED,60,['flex'],0,15290000
ADVAN,I7-1255,-,DDR4,16GB,1024GB,LCD,60,[],1,15300000
DELL,I5-1335,-,DDR4,16GB,512GB,LED,60,['fingerprint'],1,15399000
LENOVO,I5-125,-,DDR5,8GB,512GB,IPS,60,['fingerprint'],1,15399000
LENOVO,I5-1335,-,DDR4,16GB,512GB,LED,60,['fingerprint'],0,15419000
LENOVO,I5-1335,-,DDR4,16GB,512GB,LED,60,['fingerprint'],0,15419000
ASUS,RYZEN 5-7535,RTX 4050,DDR5,16GB,512GB,IPS,144,[],1,15422160
LENOVO,I5-1235,-,DDR4,16GB,512GB,LED,60,[],0,15439000
HP,I7-1355,-,DDR5,16GB,1024GB,OLED,120,[],1,15489000
HP,RYZEN 7-8845,-,DDR5,16GB,512GB,OLED,120,[],1,15499000
ASUS,RYZEN 7-8840,-,DDR5,16GB,512GB,OLED,60,[],1,15499000
ASUS,I7-155,-,DDR5,16GB,1024GB,OLED,60,[],1,15499000
ASUS,RYZEN 7-8840,-,DDR5,16GB,512GB,OLED,60,[],1,15499000
LENOVO,I5-1335,-,DDR4,16GB,512GB,LED,60,['fingerprint'],0,15499000
LENOVO,I5-1135,-,DDR4,8GB,512GB,IPS,60,['yoga'],1,15499000
LENOVO,I7-150,-,DDR5,16GB,512GB,OLED,60,[],0,15529000
HP,I5-125,-,DDR5,16GB,512GB,OLED,120,[],1,15549000
HP,I5-125,-,DDR5,16GB,512GB,OLED,120,[],1,15549000
ASUS,I7-255,-,DDR5,16GB,1024GB,IPS,60,[],1,15550000
LENOVO,I7-13700,-,DDR5,16GB,512GB,OLED,60,['yoga'],0,15616000
ASUS,I5-226,-,DDR5,16GB,512GB,OLED,60,[],1,15649000
HP,I7-155,-,DDR5,32GB,1024GB,OLED,120,[],1,15699000
LENOVO,I5-1335,-,DDR4,16GB,512GB,LED,60,['fingerprint'],0,15699000
HP,I7-1355,-,DDR5,16GB,,OLED,120,[],1,15699000
HP,I5-125,-,DDR5,16GB,512GB,OLED,120,[],1,15770000
HP,I5-125,-,DDR5,16GB,512GB,OLED,60,[],1,15799000
HP,I7-150,-,DDR4,16GB,512GB,IPS,60,[],1,15800000
ASUS,I5-226,-,DDR5,16GB,512GB,OLED,60,[],1,15819000
ASUS,I5-226,-,DDR5,16GB,512GB,OLED,60,[],1,15819000
ASUS,I9-13900,-,DDR5,16GB,1024GB,VA,90,[],1,15849000
ACER,I7-155,-,DDR5,32GB,1024GB,OLED,90,['fingerprint'],1,15849000
ASUS,I9-13900,-,DDR5,16GB,1024GB,VA,90,['fingerprint'],1,15849000
DELL,I5-1335,GEFORCE MX550,DDR4,8GB,512GB,LED,60,['fingerprint'],1,15849000
LENOVO,RYZEN 7-7840,-,DDR5,16GB,1024GB,IPS,60,['yoga'],0,15899000
ACER,I7-155,-,DDR5,32GB,1024GB,OLED,90,['fingerprint'],1,15899000
,I7-1165,-,DDR4,16GB,512GB,IPS,60,['fingerprint'],1,15926000
DELL,I7-150,-,DDR5,16GB,1024GB,LED,60,[],1,15950000
LENOVO,I5-1240,-,DDR5,16GB,512GB,OLED,90,['yoga'],0,15979000
ACER,I7-155,-,DDR5,32GB,512GB,OLED,90,['fingerprint'],1,15989000
LENOVO,I5-125,-,DDR5,16GB,512GB,OLED,60,[],0,15989000
LENOVO,RYZEN 5-340,-,DDR5,16GB,512GB,OLED,120,"['fingerprint', 'yoga']",0,15999000
LENOVO,I7-1165,-,DDR4,16GB,512GB,IPS,60,['flex'],1,15999000
ASUS,I9-13900,-,DDR5,16GB,1024GB,OLED,90,[],1,15999000
LENOVO,RYZEN 7-7435,RTX 4060,DDR5,32GB,512GB,IPS,144,[],1,15999000
HP,I5-1235,-,DDR4,8GB,512GB,LED,60,[],1,16000000
LENOVO,I5-1235,-,DDR4,16GB,512GB,LED,60,['fingerprint'],0,16000000
HP,I7-155,-,DDR5,32GB,1024GB,OLED,120,[],1,16049000
LENOVO,I7-1360,-,DDR5,16GB,,IPS,60,['yoga'],1,16099000
DELL,I7-1355,-,DDR4,8GB,1024GB,LED,60,['fingerprint'],1,16099000
ASUS,RYZEN 7-5800,RTX 3050,DDR4,16GB,512GB,LED,90,[],1,16150000
LENOVO,I7-1165,-,DDR4,16GB,512GB,IPS,60,['flex'],0,16150000
LENOVO,I5-125,-,DDR5,16GB,512GB,OLED,60,"['fingerprint', 'yoga']",0,16183000
LENOVO,RYZEN 5-5625,-,DDR4,8GB,512GB,IPS,60,[],0,16199000
DELL,I7-1165,NVIDIA MX350,DDR4,8GB,512GB,LED,60,[],1,16201000
LENOVO,RYZEN 5-340,NVIDIA RTX4070,DDR5,16GB,512GB,OLED,60,"['fingerprint', 'yoga']",0,16249000
LENOVO,I5-13450,RTX 4050,DDR5,12GB,512GB,IPS,144,[],1,16250000
LENOVO,I5-1335,-,DDR4,8GB,512GB,IPS,60,[],0,16278901
DELL,I5-1335,-,DDR4,16GB,256GB,LED,60,[],1,16289000
LENOVO,I5-1335,-,DDR4,8GB,512GB,IPS,60,[],0,16299000
LENOVO,RYZEN 5-5600,-,DDR4,16GB,512GB,IPS,60,['yoga'],1,16325000
DELL,I7-1355,-,DDR4,32GB,512GB,LED,60,['fingerprint'],1,16349000
LENOVO,I5-125,-,DDR5,16GB,512GB,OLED,60,"['fingerprint', 'yoga']",1,16361000
LENOVO,I5-125,-,DDR5,16GB,512GB,OLED,60,"['fingerprint', 'yoga']",0,16370000
DELL,I7-1165,-,DDR4,8GB,512GB,LED,60,[],1,16392000
HP,I5-125,-,DDR5,16GB,512GB,OLED,60,[],1,16400000
LENOVO,I5-1135,-,DDR4,32GB,512GB,IPS,60,['fingerprint'],1,16400000
AXIOO,I7-13620,NVIDIA RTX4060,DDR4,8GB,512GB,IPS,144,[],1,16411000
ASUS,I7-13700,-,DDR4,16GB,512GB,OLED,60,[],1,16429000
ASUS,I7-13700,RTX 4050,DDR4,16GB,1024GB,IPS,120,[],1,16449000
LENOVO,RYZEN 7-5800,RTX 3050,DDR4,16GB,,IPS,60,[],0,16451000
ASUS,I7-13700,-,DDR4,8GB,512GB,VA,90,['fingerprint'],1,16490000
LENOVO,I5-125,-,DDR5,16GB,512GB,OLED,60,"['fingerprint', 'yoga']",0,16492000
ASUS,I5-225,-,DDR5,16GB,1024GB,OLED,60,['fingerprint'],1,16499000
ASUS,I7-13700,GEFORCE RTX4050,DDR5,16GB,2048GB,IPS,120,[],1,16499000
DELL,I7-1165,-,DDR4,16GB,512GB,LED,60,[],1,16499000
HP,I5-1235,-,DDR4,8GB,512GB,IPS,60,['fingerprint'],1,16500000
LENOVO,RYZEN 7-8845,RTX 4050,DDR5,32GB,512GB,IPS,60,[],1,16500000
DELL,I7-1165,GEFORCE MX350,DDR4,8GB,,LED,60,[],1,16500000
LENOVO,RYZEN 7-8845,RTX 3050,DDR5,16GB,1024GB,OLED,120,['fingerprint'],0,16529000
DELL,I7-1355,-,DDR4,8GB,,LED,60,[],1,16554000
ASUS,I7-13700,RTX 4050,DDR5,16GB,1024GB,IPS,120,['fingerprint'],1,16599000
ASUS,I7-13700,RTX 4050,DDR5,24GB,1024GB,IPS,120,[],1,16599000
ASUS,I7-13700,RTX 4050,DDR5,8GB,1024GB,IPS,120,[],1,16599000
LENOVO,RYZEN 7-7435,RTX 4060,DDR5,32GB,512GB,IPS,60,[],1,16599000
LENOVO,I7-1165,GEFORCE MX350,DDR4,8GB,256GB,TN,60,[],0,16600000
LENOVO,RYZEN 7-8840,-,DDR5,16GB,1024GB,OLED,60,"['fingerprint', 'yoga']",0,16613000
HP,I5-13500,RTX 4060,DDR5,16GB,512GB,IPS,165,[],1,16619000
LENOVO,I7-13620,-,DDR5,16GB,512GB,OLED,60,[],0,16682000
LENOVO,I5-1335,-,DDR4,16GB,512GB,IPS,60,[],0,16689000
HP,I5-1135,-,DDR4,8GB,512GB,IPS,60,[],1,16695000
HP,RYZEN 7-8845,RTX 4060,DDR5,32GB,512GB,IPS,144,[],1,16699000
ASUS,I7-13700,RTX 4050,DDR4,16GB,1024GB,LCD,120,[],1,16699000
ASUS,I7-1355,-,DDR4,16GB,1024GB,LED,60,[],1,16799000
LENOVO,I5-125,-,DDR5,8GB,512GB,IPS,60,['fingerprint'],1,16799000
LENOVO,I5-125,-,DDR5,8GB,512GB,IPS,60,['fingerprint'],1,16799000
LENOVO,I7-1165,NVIDIA MX450,DDR4,8GB,512GB,IPS,60,[],0,16799000
AXIOO,I7-13620,RTX4060,DDR4,8GB,512GB,LCD,144,[],1,16889000
LENOVO,I7-155,-,DDR5,16GB,1024GB,OLED,60,"['fingerprint', 'yoga']",0,16899000
MSI,I7-13620,RTX 4060,DDR5,16GB,1024GB,IPS,144,[],1,16899000
DELL,I7-1165,-,DDR4,8GB,512GB,LED,60,[],1,16918000
LENOVO,I7-13620,-,DDR5,32GB,1024GB,OLED,60,[],1,16989000
,I7-13700,RTX 4060,DDR5,16GB,512GB,LED,165,[],1,16999000
HP,I7-12700,RTX 3050,DDR4,8GB,512GB,IPS,144,[],1,16999000
LENOVO,RYZEN 7-7435,RTX 4060,DDR5,12GB,512GB,IPS,144,[],1,16999000
LENOVO,I7-13620,-,DDR5,32GB,1024GB,OLED,60,[],1,17000000
ASUS,I7-1165,-,DDR4,16GB,512GB,OLED,60,[],1,17050000
LENOVO,I7-1355,-,DDR4,16GB,512GB,LED,60,['fingerprint'],0,17099000
LENOVO,RYZEN 7-7435,RTX 4060,DDR5,12GB,512GB,IPS,60,[],1,17109001
LENOVO,RYZEN 7-7435,RTX 4060,DDR5,12GB,512GB,IPS,60,[],1,17119000
HP,I7-1165,-,DDR4,8GB,512GB,LED,60,['fingerprint'],1,17166000
LENOVO,I5-125,-,DDR5,16GB,512GB,OLED,60,"['fingerprint', 'yoga']",0,17169000
LENOVO,I7-155,-,DDR5,16GB,1024GB,IPS,60,[],1,17199000
LENOVO,I7-1355,-,DDR4,16GB,512GB,LED,60,['fingerprint'],0,17199000
DELL,I7-1165,NVIDIA MX330,DDR4,8GB,512GB,LED,60,[],1,17200000
HP,I7-13620,RTX 4050,DDR4,16GB,512GB,IPS,144,[],1,17250000
LENOVO,I5-1335,-,DDR4,16GB,512GB,IPS,60,[],1,17275000
HP,I7-1255,-,DDR4,16GB,512GB,IPS,60,['fingerprint'],1,17289000
LENOVO,RYZEN 7-8840,-,DDR5,16GB,1024GB,OLED,60,"['fingerprint', 'yoga']",0,17290000
ASUS,I5-226,-,DDR5,16GB,512GB,OLED,60,[],1,17299000
LENOVO,I7-1355,-,DDR4,16GB,512GB,LED,60,['fingerprint'],0,17299000
LENOVO,I5-1335,-,DDR4,16GB,512GB,IPS,60,[],1,17300000
LENOVO,RYZEN 7-7435,RTX 4060,DDR5,32GB,512GB,IPS,60,[],1,17306000
ASUS,I5-125,-,DDR5,16GB,1024GB,OLED,120,[],1,17318000
LENOVO,I7-13700,-,DDR5,16GB,512GB,IPS,60,"['fingerprint', 'yoga']",0,17399000
LENOVO,I5-226,-,DDR5,16GB,512GB,OLED,120,"['fingerprint', 'yoga']",0,17419000
LENOVO,I5-226,-,DDR5,16GB,512GB,OLED,120,"['fingerprint', 'yoga']",0,17419000
LENOVO,I5-1335,-,DDR4,8GB,512GB,IPS,60,[],0,17434000
HP,I5-13500,RTX 4060,DDR5,16GB,512GB,IPS,144,[],1,17459000
LENOVO,I7-1355,-,DDR4,16GB,512GB,LED,60,['fingerprint'],0,17499000
LENOVO,I7-155,-,DDR5,16GB,1024GB,OLED,60,"['fingerprint', 'yoga']",0,17499000
LENOVO,I7-155,-,DDR5,16GB,1024GB,OLED,60,"['fingerprint', 'yoga']",0,17499000
ASUS,I5-1135,-,DDR4,8GB,512GB,OLED,60,['fingerprint'],1,17499000
LENOVO,RYZEN 7-7735,RTX 4060,DDR5,32GB,512GB,IPS,60,[],1,17499000
LENOVO,I7-1165,-,DDR4,16GB,,IPS,60,[],1,17500000
ASUS,N4020,-,DDR4,,256GB,LED,60,[],1,17500000
LENOVO,I5-135,-,DDR5,16GB,256GB,LED,60,[],1,17500000
LENOVO,I7-1165,GEFORCE MX450,DDR4,16GB,512GB,IPS,60,[],1,17579000
HP,I5-125,-,DDR5,16GB,512GB,LED,60,[],1,17590000
ASUS,I7-256,-,DDR5,16GB,512GB,OLED,60,[],1,17599000
LENOVO,I5-1135,-,DDR4,16GB,512GB,IPS,60,[],1,17600000
DELL,I5-1135,NVIDIA MX350,DDR4,8GB,512GB,LED,60,['fingerprint'],1,17600000
LENOVO,RYZEN 7-8845,RTX 4050,DDR5,32GB,512GB,IPS,60,[],1,17605000
ACER,I7-155,-,DDR5,32GB,1024GB,OLED,90,['fingerprint'],1,17609000
ASUS,I7-256,-,DDR5,16GB,512GB,OLED,60,[],1,17619000
ASUS,RYZEN 7-350,-,DDR5,24GB,1024GB,OLED,60,[],1,17619000
LENOVO,I7-1355,-,DDR4,16GB,512GB,LED,60,['fingerprint'],0,17619000
AXIOO,RYZEN 7-5700,-,DDR4,16GB,1024GB,IPS,60,[],1,17632000
LENOVO,I7-155,-,DDR5,16GB,1024GB,IPS,60,[],1,17699001
ASUS,I5-1135,-,DDR4,8GB,512GB,OLED,60,[],1,17700000
DELL,I7-11390,-,DDR4,16GB,512GB,LED,60,[],1,17750000
HP,I7-13620,RTX 4050,DDR4,16GB,512GB,IPS,144,[],1,17753000
ACER,I9-185,-,DDR5,32GB,1024GB,OLED,90,['fingerprint'],1,17775000
LENOVO,RYZEN 7-8840,-,DDR5,16GB,1024GB,OLED,60,"['fingerprint', 'yoga']",0,17782960
HP,I7-155,-,DDR5,32GB,1024GB,OLED,120,[],1,17799000
LENOVO,I7-1355,-,DDR5,16GB,1024GB,IPS,60,['fingerprint'],1,17799000
LENOVO,RYZEN 5-7535,-,DDR5,32GB,512GB,IPS,60,['fingerprint'],1,17799900
HP,I7-155,-,DDR5,32GB,1024GB,OLED,120,['fingerprint'],1,17899000
LENOVO,I7-155,-,DDR5,16GB,1024GB,OLED,120,"['fingerprint', 'yoga']",0,17899000
HP,I7-155,-,DDR5,16GB,1024GB,OLED,120,[],1,17899000
DELL,I5-1245,-,DDR4,8GB,512GB,LED,60,['fingerprint'],1,17900000
ACER,I7-1355,-,DDR4,8GB,,LED,60,['fingerprint'],1,17900000
ASUS,I7-13700,-,DDR4,16GB,512GB,OLED,90,[],1,17932100
LENOVO,I5-1335,-,DDR5,16GB,512GB,IPS,60,['fingerprint'],0,17999000
ACER,I7-12700,-,DDR5,16GB,1024GB,OLED,90,['fingerprint'],1,18000000
ACER,I7-12700,-,DDR5,16GB,1024GB,OLED,90,['fingerprint'],1,18000000
LENOVO,I5-1335,-,DDR4,16GB,512GB,IPS,60,['fingerprint'],1,18000000
LENOVO,I7-13620,RTX 4050,DDR5,32GB,512GB,IPS,60,[],1,18039600
LENOVO,I7-1255,-,DDR4,16GB,512GB,IPS,60,[],1,18059000
DELL,,NVIDIA MX130,DDR4,16GB,512GB,LED,60,['fingerprint'],1,18082000
ASUS,I7-1255,-,DDR4,8GB,512GB,LED,60,['fingerprint'],1,18199000
DELL,I3-165,-,DDR5,8GB,,LED,60,[],1,18199000
ADVAN,I7-1255,-,DDR4,16GB,1024GB,IPS,60,[],1,18249041
LENOVO,I5-10300,NVIDIA GTX1650,DDR4,8GB,512GB,IPS,120,[],1,18256454
LENOVO,RYZEN 5-340,-,DDR5,16GB,512GB,OLED,60,"['fingerprint', 'yoga']",0,18299000
HP,I7-1355,-,DDR4,16GB,1024GB,IPS,60,[],1,18299000
ACER,I5-1335,-,DDR4,8GB,512GB,LED,60,[],1,18300000
HP,I7-155,-,DDR5,16GB,1024GB,OLED,120,[],1,18395000
HP,I7-155,-,DDR5,16GB,1024GB,OLED,120,[],1,18399000
HP,I7-155,-,DDR5,16GB,1024GB,OLED,120,[],1,18399000
DELL,I7-1165,-,DDR4,8GB,512GB,LED,60,['fingerprint'],1,18440000
ACER,I7-13700,-,DDR5,16GB,1024GB,IPS,60,[],0,18449000
ASUS,I7-155,-,DDR5,32GB,1024GB,OLED,60,[],1,18477000
ASUS,RYZEN 9-365,-,DDR5,24GB,1024GB,OLED,120,[],1,18479000
ASUS,RYZEN 9-365,-,DDR5,24GB,1024GB,OLED,120,[],1,18479000
ASUS,RYZEN 9-365,-,DDR5,24GB,1024GB,OLED,120,[],1,18479000
ASUS,RYZEN 9-365,-,DDR5,24GB,1024GB,OLED,120,[],1,18479000
ASUS,RYZEN 9-365,-,DDR5,24GB,,OLED,120,[],1,18479000
HP,I7-1355,-,DDR5,16GB,1024GB,OLED,120,[],1,18499000
ASUS,I7-155,-,DDR5,32GB,1024GB,OLED,60,[],1,18499000
AXIOO,I3-1215,-,DDR4,8GB,,IPS,60,[],1,18499000
MSI,I7-13620,RTX 4060,DDR5,16GB,512GB,IPS,144,[],1,18499000
ASUS,I7-13620,RTX 4050,DDR5,16GB,512GB,IPS,60,[],1,18499000
LENOVO,I7-155,-,DDR5,16GB,1024GB,OLED,120,"['fingerprint', 'yoga']",0,18499000
LENOVO,I7-155,-,DDR5,16GB,1024GB,OLED,120,"['fingerprint', 'yoga']",1,18500000
MSI,I7-1360,-,DDR5,16GB,1024GB,IPS,120,['fingerprint'],1,18550000
LENOVO,I7-155,-,DDR5,16GB,1024GB,OLED,60,"['fingerprint', 'yoga']",0,18597000
DELL,I5-1145,-,DDR4,8GB,512GB,LED,60,['fingerprint'],1,18599000
LENOVO,I5-12500,RTX 3050,DDR5,16GB,512GB,IPS,60,[],1,18599000
HP,I7-155,-,DDR5,16GB,1024GB,OLED,120,[],1,18619000
HP,I7-1165,-,DDR4,8GB,512GB,LED,60,[],1,18650000
LENOVO,I7-155,-,DDR5,8GB,512GB,IPS,60,['fingerprint'],1,18699000
LENOVO,I7-155,-,DDR5,8GB,512GB,IPS,60,['fingerprint'],1,18699000
LENOVO,I7-1165,-,DDR4,16GB,1024GB,IPS,60,['yoga'],0,18699000
LENOVO,RYZEN 7-5700,-,DDR4,16GB,512GB,TN,60,[],0,18699000
HP,I7-155,-,DDR5,16GB,1024GB,OLED,60,[],1,18699000
LENOVO,I7-1355,-,DDR5,16GB,512GB,IPS,60,['fingerprint'],1,18699999
ASUS,I7-155,-,DDR5,32GB,1024GB,OLED,120,[],1,18779001
HP,I7-155,-,DDR5,16GB,1024GB,OLED,120,[],1,18785000
MSI,I7-13620,RTX 4060,DDR5,16GB,1024GB,IPS,144,[],1,18790000
HP,,-,DDR5,16GB,1024GB,IPS,60,[],1,18799000
ASUS,I7-155,-,DDR5,32GB,1024GB,OLED,120,[],1,18799000
ASUS,I7-155,-,DDR5,32GB,1024GB,OLED,120,[],1,18799000
ACER,I7-1165,-,DDR4,16GB,,LED,60,[],1,18800000
LENOVO,I7-155,-,DDR5,32GB,1024GB,OLED,120,[],0,18822960
LENOVO,I7-155,-,DDR5,16GB,1024GB,OLED,60,"['fingerprint', 'yoga']",0,18849000
DELL,I5-1145,-,DDR4,8GB,512GB,LED,60,[],1,18870000
HP,I5-1135,-,DDR4,8GB,512GB,LED,60,[],1,18870000
ACER,RYZEN 7-8845,RTX 4050,DDR5,16GB,512GB,IPS,165,[],1,18894000
LENOVO,RYZEN 5-7535,-,DDR5,,512GB,IPS,60,['fingerprint'],1,18949900
ASUS,I7-155,-,DDR5,32GB,1024GB,OLED,120,[],1,18989360
,I5-1235,-,DDR5,8GB,256GB,LED,60,[],1,18990000
DELL,I7-8650,-,DDR4,16GB,256GB,LED,60,['fingerprint'],1,18997000
ASUS,I7-155,-,DDR5,32GB,1024GB,OLED,120,[],1,19029000
ASUS,I7-155,-,DDR5,32GB,1024GB,OLED,120,[],1,19029000
ASUS,I7-155,-,DDR5,32GB,1024GB,OLED,120,[],1,19037000
ASUS,I7-155,-,DDR5,32GB,1024GB,OLED,120,[],1,19037000
ASUS,,-,DDR5,32GB,1024GB,OLED,60,[],1,19069000
LENOVO,,-,DDR5,32GB,1024GB,OLED,90,"['fingerprint', 'yoga']",0,19099000
,,-,DDR4,8GB,256GB,IPS,60,[],1,19099000
ASUS,I7-1165,-,DDR4,16GB,1024GB,OLED,60,['flex'],1,19199000
HP,I7-1355,-,DDR4,16GB,512GB,IPS,60,[],1,19199000
LENOVO,I7-1355,-,DDR4,16GB,1024GB,IPS,60,['fingerprint'],0,19199000
HP,I7-155,RTX 4050,DDR5,32GB,1024GB,IPS,120,[],1,19289000
ASUS,I5-1135,-,DDR4,8GB,512GB,LED,60,[],1,19299000
LENOVO,I7-1260,-,DDR5,16GB,1024GB,IPS,60,['fingerprint'],0,19299000
HP,I7-1355,-,DDR4,16GB,1024GB,IPS,60,['fingerprint'],1,19300000
LENOVO,I7-13620,-,DDR5,16GB,512GB,OLED,60,['fingerprint'],0,19319000
LENOVO,I5-1135,-,DDR4,16GB,512GB,LED,60,[],1,19349000
LENOVO,I7-155,-,DDR5,16GB,1024GB,OLED,120,"['fingerprint', 'yoga']",0,19369000
DELL,I5-1335,-,DDR4,16GB,512GB,LED,60,['fingerprint'],1,19379000
HP,I5-125,-,DDR5,16GB,512GB,IPS,60,[],1,19393000
HP,RYZEN 7-8840,-,DDR5,32GB,2048GB,OLED,120,[],1,19399000
ACER,I7-155,RTX 4060,DDR5,32GB,1024GB,OLED,120,['fingerprint'],1,19399000
HP,RYZEN 7-8840,-,DDR5,32GB,1024GB,OLED,120,['fingerprint'],1,19399000
DELL,I7-1355,-,DDR4,16GB,512GB,LED,60,['fingerprint'],1,19400000
HP,I5-125,-,DDR5,16GB,512GB,OLED,120,[],1,19417000
HP,RYZEN 7-8840,-,DDR5,32GB,1024GB,OLED,120,[],1,19449000
DELL,I7-1265,-,DDR4,16GB,512GB,LED,60,[],1,19490000
ASUS,I7-155,-,DDR5,32GB,1024GB,OLED,120,[],1,19499000
LENOVO,I7-1255,-,DDR4,16GB,512GB,IPS,60,['fingerprint'],1,19499000
MSI,I7-13620,RTX 4060,DDR5,8GB,1024GB,LED,165,[],1,19499000
DELL,I7-150,-,DDR5,16GB,1024GB,LCD,60,['fingerprint'],1,19500000
LENOVO,I7-155,-,DDR5,16GB,1024GB,OLED,120,"['fingerprint', 'yoga']",0,19519000
LENOVO,I7-155,-,DDR5,16GB,1024GB,OLED,120,"['fingerprint', 'yoga']",0,19519000
LENOVO,I7-1355,-,DDR4,16GB,1024GB,IPS,60,"['fingerprint', 'yoga']",0,19579000
LENOVO,I7-155,-,DDR5,16GB,1024GB,OLED,120,"['fingerprint', 'yoga']",0,19599000
LENOVO,I7-1165,-,DDR4,16GB,512GB,IPS,60,[],1,19600000
LENOVO,RYZEN 7-350,-,DDR5,32GB,1024GB,OLED,120,"['fingerprint', 'yoga']",0,19619000
ACER,I5-14500,RTX 4050,DDR5,8GB,512GB,LED,180,[],1,19713000
DELL,I7-1165,-,DDR4,8GB,1024GB,LED,60,[],1,19750000
LENOVO,I5-125,-,DDR5,8GB,512GB,IPS,60,['fingerprint'],1,19799000
,I7-10750,-,DDR4,16GB,2048GB,IPS,60,[],1,19800000
HP,I7-1255,-,DDR4,8GB,1024GB,IPS,60,['fingerprint'],1,19800000
ASUS,I7-258,-,DDR5,32GB,1024GB,OLED,120,[],1,19849000
LENOVO,I5-1335,-,DDR4,16GB,512GB,IPS,60,['flex'],0,19858000
DELL,I5-10310,-,DDR4,16GB,256GB,LED,60,[],1,19890000
HP,I7-155,-,DDR5,16GB,1024GB,OLED,120,[],1,19899000
LENOVO,I7-155,-,DDR5,8GB,512GB,IPS,60,['fingerprint'],1,19899000
HP,I5-1335,-,DDR4,16GB,512GB,LED,60,[],1,19901000
LENOVO,I5-1135,-,DDR4,,512GB,LED,60,[],1,19911500
HP,I7-155,-,DDR5,16GB,1024GB,OLED,120,[],1,19925001
ASUS,I7-155,-,DDR5,32GB,1024GB,OLED,120,[],1,19949000
ASUS,I5-1155,-,DDR4,8GB,512GB,LED,60,['fingerprint'],1,19980000
HP,RYZEN 7-8840,-,DDR5,32GB,1024GB,OLED,60,[],1,19983000
LENOVO,I7-155,-,DDR5,8GB,512GB,IPS,60,[],1,19999000
DELL,I5-10310,-,DDR4,8GB,256GB,LED,60,[],1,19999000
LENOVO,I7-155,-,DDR5,16GB,1024GB,OLED,60,"['fingerprint', 'yoga']",0,19999000
DELL,I5-1240,-,DDR5,8GB,256GB,LED,60,[],1,20000000
DELL,I7-8550,-,DDR4,16GB,256GB,LED,60,[],1,20000000
LENOVO,I7-8550,-,DDR4,16GB,512GB,LED,60,['yoga'],1,20000000
LENOVO,RYZEN 9-6900,RTX 3050,DDR4,32GB,1024GB,LED,60,['yoga'],1,20000000
DELL,I5-1145,-,DDR4,16GB,512GB,LED,60,['fingerprint'],1,20000000
DELL,I7-8550,-,DDR4,16GB,256GB,LED,60,[],1,20000000
DELL,I5-1240,-,DDR5,8GB,256GB,LED,60,[],1,20000000
HP,I7-1355,-,DDR4,8GB,512GB,LED,60,[],1,20000000
HP,RYZEN 7-8840,-,DDR5,32GB,1024GB,OLED,60,[],1,20033000
LENOVO,,-,DDR4,,,LED,60,['yoga'],1,20100000
LENOVO,I5-1235,-,DDR4,8GB,512GB,IPS,60,[],1,20119000
ACER,I9-185,-,DDR5,32GB,1024GB,OLED,90,['fingerprint'],1,20150000
DELL,I7-1355,-,DDR4,16GB,,LED,60,[],1,20198000
LENOVO,I7-1255,-,DDR4,16GB,512GB,IPS,60,[],0,20199000
LENOVO,I7-155,-,DDR5,16GB,512GB,IPS,60,['fingerprint'],1,20199000
LENOVO,I7-13650,RTX 4060,DDR5,24GB,512GB,IPS,60,[],1,20241000
LENOVO,I7-155,-,DDR5,16GB,1024GB,OLED,120,"['fingerprint', 'yoga']",0,20285000
DELL,I7-155,-,DDR5,16GB,512GB,IPS,60,['fingerprint'],1,20299000
LENOVO,I7-1165,-,DDR4,8GB,,IPS,60,['fingerprint'],1,20300000
ACER,I7-155,RTX 4060,DDR5,32GB,1024GB,OLED,120,[],1,20300000
ASUS,I7-12700,-,DDR4,16GB,512GB,OLED,60,['fingerprint'],1,20303000
LENOVO,I7-1355,-,DDR4,16GB,512GB,IPS,60,['fingerprint'],1,20399000
ASUS,I7-155,-,DDR5,32GB,1024GB,OLED,60,[],1,20399000
DELL,I7-1355,-,DDR4,8GB,512GB,IPS,60,[],1,20400000
HP,I7-155,-,DDR5,16GB,1024GB,OLED,120,[],1,20420000
,I5-1235,-,DDR4,8GB,256GB,LED,120,[],1,20450000
HP,I5-1335,-,DDR5,16GB,512GB,IPS,60,['fingerprint'],1,20479000
ASUS,I7-1260,-,DDR5,16GB,1024GB,LED,60,['fingerprint'],1,20489000
HP,I7-150,-,DDR4,16GB,512GB,LED,60,[],1,20490000
LENOVO,I7-13620,RTX 4050,DDR5,8GB,512GB,IPS,165,['fingerprint'],1,20499000
HP,I5-1035,-,DDR4,8GB,512GB,IPS,60,[],1,20500000
LENOVO,I7-12700,RTX 3060,DDR5,32GB,512GB,IPS,60,[],1,20500000
ASUS,I7-155,-,DDR5,32GB,1024GB,OLED,60,[],1,20500000
LENOVO,I7-155,-,DDR5,16GB,,OLED,120,"['fingerprint', 'yoga']",0,20525000
DELL,I5-1245,-,DDR4,16GB,1024GB,LED,60,['fingerprint'],1,20549000
DELL,I7-1355,-,DDR4,16GB,1024GB,LED,60,[],1,20550000
ACER,I7-155,-,DDR5,16GB,512GB,OLED,90,['fingerprint'],1,20563000
MSI,I7-10710,GTX 1650,DDR4,16GB,,LED,60,[],1,20598000
DELL,I5-1235,-,DDR4,16GB,512GB,LED,60,['fingerprint'],1,20599000
MSI,I7-14700,RTX 4060,DDR5,16GB,1024GB,IPS,240,[],1,20698000
LENOVO,I5-125,-,DDR5,16GB,512GB,IPS,60,[],0,20699000
LENOVO,I7-12700,-,DDR5,16GB,512GB,OLED,120,['fingerprint'],0,20753000
LENOVO,I7-155,-,DDR5,16GB,1024GB,OLED,120,"['fingerprint', 'yoga']",0,20783000
DELL,I5-1245,-,DDR4,8GB,512GB,LED,60,['fingerprint'],1,20800000
LENOVO,I7-1165,GEFORCE MX450,DDR4,8GB,512GB,IPS,60,['fingerprint'],1,20800000
ASUS,I5-11300,RTX 3050,DDR4,8GB,512GB,OLED,60,['fingerprint'],1,20860000
ASUS,I7-1165,-,DDR4,16GB,1024GB,OLED,60,['fingerprint'],1,20899000
HP,RYZEN 7-8840,-,DDR5,32GB,2048GB,OLED,120,['fingerprint'],1,20899000
LENOVO,RYZEN 7-350,-,DDR5,32GB,1024GB,OLED,60,"['fingerprint', 'yoga']",0,20899000
ASUS,I7-155,-,DDR5,32GB,1024GB,OLED,60,[],1,20899000
DELL,I7-10610,-,DDR4,8GB,256GB,LED,60,[],1,20900000
HP,I7-1355,-,DDR5,16GB,1024GB,IPS,60,[],1,20990000
ADVAN,I7-1255,-,DDR4,16GB,1024GB,IPS,60,[],1,20990041
ACER,I5-1240,-,DDR4,16GB,512GB,IPS,60,[],1,20998000
LENOVO,I5-13420,-,DDR4,16GB,256GB,IPS,60,[],0,20999000
HP,I7-1355,-,DDR5,16GB,1024GB,OLED,120,[],1,20999000
ASUS,I7-155,-,DDR5,32GB,1024GB,OLED,120,[],1,20999000
LENOVO,I7-155,-,DDR5,16GB,1024GB,OLED,120,"['fingerprint', 'yoga']",0,20999000
ACER,RYZEN 7-6800,-,DDR5,16GB,1024GB,OLED,90,['fingerprint'],1,20999000
DELL,I5-1245,-,DDR4,16GB,512GB,LED,60,['fingerprint'],1,21000000
HP,I7-11800,RTX 3060,DDR4,16GB,512GB,LED,60,[],1,21000000
DELL,I7-1255,-,DDR4,16GB,2048GB,LED,60,[],1,21000000
HP,I7-11800,RTX 3060,DDR4,16GB,512GB,LED,60,[],1,21000000
ASUS,I5-1155,-,DDR4,8GB,,LED,60,[],1,21000000
LENOVO,I7-1355,-,DDR4,16GB,1024GB,LED,60,['flex'],0,21105000
LENOVO,I7-1185,-,DDR4,16GB,1024GB,IPS,60,['yoga'],0,21110000
ASUS,I7-10510,GEFORCE GTX1650,DDR4,16GB,512GB,IPS,60,[],1,21112000
LENOVO,RYZEN 7-8845,-,DDR5,16GB,1024GB,IPS,60,[],0,21135000
HP,,-,DDR4,16GB,1024GB,LED,60,[],1,21149000
HP,I7-155,-,DDR5,16GB,1024GB,OLED,120,['fingerprint'],1,21199000
ASUS,I7-258,-,DDR5,32GB,1024GB,OLED,120,[],1,21209000
LENOVO,I5-1135,-,DDR4,16GB,512GB,IPS,60,['fingerprint'],0,21250000
ASUS,RYZEN 5-7535,-,DDR5,16GB,512GB,OLED,60,[],1,21259000
HP,RYZEN 7-8840,-,DDR5,16GB,1024GB,IPS,60,[],1,21260000
ASUS,I5-125,-,DDR5,16GB,1024GB,OLED,120,[],1,21266000
DELL,I7-1355,-,DDR4,32GB,512GB,LED,60,[],1,21275000
LENOVO,RYZEN 9-365,-,DDR5,32GB,1024GB,OLED,120,"['fingerprint', 'yoga']",0,21299000
ACER,I5-1240,-,DDR4,8GB,512GB,LED,60,[],1,21320000
ACER,RYZEN 9-365,-,DDR5,32GB,1024GB,IPS,60,[],1,21339000
HP,I7-1355,-,DDR4,16GB,512GB,LED,60,[],1,21390000
HP,I7-10510,GEFORCE MX350,DDR4,16GB,512GB,IPS,60,[],1,21394464
LENOVO,I7-155,-,DDR5,16GB,1024GB,OLED,120,"['fingerprint', 'yoga']",0,21399000
MSI,I7-14700,RTX 4060,DDR5,8GB,1024GB,IPS,240,[],1,21399000
HP,I7-14650,RTX 4060,DDR5,16GB,1024GB,LED,144,[],1,21399000
HP,RYZEN 7-8840,-,DDR5,32GB,2048GB,OLED,120,[],1,21399001
LENOVO,I7-258,-,DDR5,32GB,1024GB,OLED,120,"['fingerprint', 'yoga']",0,21419000
LENOVO,I7-258,-,DDR5,32GB,1024GB,OLED,120,"['fingerprint', 'yoga']",0,21459000
LENOVO,I5-1135,-,DDR4,16GB,512GB,IPS,60,"['fingerprint', 'yoga']",0,21490000
DELL,I7-155,-,DDR5,16GB,512GB,IPS,120,['fingerprint'],1,21499000
DELL,I7-1355,-,DDR4,16GB,512GB,LED,60,['fingerprint'],1,21500000
LENOVO,I5-1235,-,DDR4,16GB,512GB,IPS,60,['yoga'],0,21509000
HP,I7-14650,RTX 4060,DDR5,16GB,1024GB,IPS,144,[],1,21559000
HP,I7-155,-,DDR5,32GB,512GB,IPS,60,['fingerprint'],1,21600000
DELL,I7-1355,-,DDR4,16GB,512GB,LED,60,['fingerprint'],1,21611000
ASUS,RYZEN 5-7535,RTX 4050,DDR5,16GB,512GB,IPS,144,[],1,21640000
HP,I7-1250,-,DDR4,16GB,1024GB,OLED,60,[],1,21650000
,,-,DDR4,8GB,512GB,LED,60,[],1,21650000
ASUS,I7-1165,-,DDR4,16GB,1024GB,OLED,90,['fingerprint'],1,21659033
HP,RYZEN 7-4700,-,DDR4,16GB,512GB,IPS,60,[],1,21679100
ASUS,I7-1165,-,DDR4,16GB,1024GB,OLED,60,[],1,21699000
LENOVO,,-,DDR5,16GB,1024GB,OLED,90,"['fingerprint', 'yoga']",0,21705000
HP,I5-1135,-,DDR4,8GB,512GB,LED,60,[],1,21750000
LENOVO,RYZEN 7-350,-,DDR5,32GB,1024GB,OLED,120,"['fingerprint', 'yoga']",0,21799000
HP,I7-155,-,DDR5,16GB,1024GB,IPS,60,['fingerprint'],1,21800000
HP,I7-12700,-,DDR4,16GB,512GB,IPS,60,[],1,21812000
LENOVO,I5-13420,RTX 3050,DDR5,32GB,512GB,LED,60,[],1,21838700
HP,I7-14650,RTX4060,DDR5,16GB,,LED,60,[],1,21899000
DELL,I7-8665,-,DDR4,8GB,,LED,60,['fingerprint'],1,21899000
DELL,I7-155,-,DDR5,16GB,512GB,IPS,60,[],1,21899000
HP,I7-1165,-,DDR4,8GB,512GB,LED,60,[],1,21900000
HP,RYZEN 7-8840,-,DDR4,32GB,1024GB,OLED,120,[],1,21900000
ASUS,I9-285,-,DDR5,32GB,1024GB,OLED,120,[],1,21945000
LENOVO,I7-155,-,DDR5,16GB,1024GB,IPS,60,['fingerprint'],1,21949000
ASUS,I7-7500,-,DDR4,16GB,512GB,IPS,60,['fingerprint'],1,21975000
,,-,DDR4,8GB,256GB,LED,60,[],1,21980100
,,-,DDR4,8GB,256GB,LED,60,[],1,21982600
,,-,DDR4,8GB,256GB,LED,60,[],1,21982600
ASUS,I7-1255,-,DDR4,,512GB,LED,60,[],1,21999000
,,-,DDR4,16GB,512GB,LED,60,[],1,22000000
LENOVO,I7-1355,-,DDR4,16GB,512GB,LED,60,['fingerprint'],1,22000000
,,-,DDR4,16GB,512GB,LED,60,[],1,22000000
LENOVO,RYZEN 7-4800,GTX 1650,DDR4,16GB,512GB,IPS,60,[],1,22000000
LENOVO,I7-1355,-,DDR4,16GB,512GB,LED,60,['fingerprint'],1,22000000
MSI,I7-13620,RTX 4070,DDR5,8GB,1024GB,IPS,165,[],1,22017000
ASUS,RYZEN 7-8845,RTX 4050,DDR5,16GB,512GB,IPS,165,[],1,22019000
LENOVO,RYZEN 7-7730,-,DDR4,16GB,512GB,IPS,60,"['fingerprint', 'flex']",1,22033000
ASUS,I5-225,-,DDR5,16GB,1024GB,OLED,60,[],1,22044000
DELL,I5-1245,-,DDR4,16GB,512GB,LED,60,['fingerprint'],1,22075000
ASUS,I7-12650,RTX 3050,DDR5,16GB,1024GB,OLED,120,[],1,22100000
HP,RYZEN 7-8840,-,DDR5,16GB,1024GB,IPS,60,['fingerprint'],1,22133000
ASUS,I7-155,RTX 4050,DDR5,8GB,1024GB,OLED,120,[],1,22139000
ACER,I5-1240,-,DDR4,16GB,512GB,LED,60,[],1,22216500
ASUS,I9-285,-,DDR5,32GB,1024GB,OLED,120,[],1,22219000
ASUS,RYZEN 7-8845,RTX 4050,DDR5,16GB,512GB,IPS,165,[],1,22219000
ASUS,I9-285,-,DDR5,32GB,1024GB,OLED,120,[],1,22219000
ASUS,I7-155,-,DDR5,32GB,1024GB,OLED,120,[],1,22299000
ASUS,I7-1165,-,DDR4,16GB,1024GB,OLED,60,[],1,22338000
ASUS,I7-155,RTX 4050,DDR5,24GB,1024GB,OLED,120,[],1,22370000
LENOVO,I7-14650,RTX 4050,DDR5,16GB,512GB,IPS,60,[],1,22399000
DELL,I7-165,-,DDR5,16GB,512GB,OLED,120,['fingerprint'],1,22399000
MSI,I9-13900,RTX 4060,DDR5,16GB,1024GB,IPS,120,[],1,22399000
LENOVO,I7-1165,-,DDR4,16GB,512GB,IPS,60,['flex'],1,22404000
LENOVO,I7-155,-,DDR5,16GB,,OLED,120,"['fingerprint', 'yoga']",0,22430000
LENOVO,I5-1345,-,DDR5,16GB,512GB,IPS,60,[],0,22433000
LENOVO,I7-13650,RTX 4060,DDR5,24GB,512GB,IPS,144,[],1,22466000
DELL,I7-1265,-,DDR4,16GB,1024GB,LED,60,['fingerprint'],1,22475000
MSI,I7-13620,RTX 4070,DDR5,16GB,,IPS,165,[],1,22479000
DELL,I7-1250,-,DDR5,16GB,512GB,IPS,60,[],1,22489000
ASUS,I7-155,-,DDR5,32GB,1024GB,OLED,120,[],1,22522000
ASUS,I7-155,-,DDR5,32GB,1024GB,OLED,120,[],1,22522000
ASUS,I7-155,-,DDR5,32GB,1024GB,OLED,120,[],1,22522000
LENOVO,I7-1165,-,DDR4,16GB,1024GB,IPS,60,"['fingerprint', 'yoga']",1,22535089
LENOVO,I5-1235,-,DDR4,16GB,512GB,IPS,60,"['fingerprint', 'yoga']",0,22550000
HP,I7-13700,RTX 4060,DDR5,16GB,1024GB,IPS,165,[],1,22599000
ASUS,RYZEN 9-5900,RTX 3050,DDR4,16GB,1024GB,OLED,60,[],1,22599000
ASUS,I7-12700,RTX 4060,DDR4,16GB,512GB,IPS,144,[],1,22599000
ASUS,I7-11370,RTX 3050,DDR4,32GB,1024GB,LED,144,[],1,22665000
ACER,I9-14900,RTX 4060,DDR5,8GB,1024GB,LED,165,[],1,22699000
ASUS,I9-285,-,DDR5,32GB,1024GB,OLED,120,[],1,22699000
LENOVO,I5-1235,-,DDR4,16GB,512GB,IPS,60,[],0,22699000
ASUS,I9-285,-,DDR5,32GB,1024GB,OLED,120,[],1,22699000
ASUS,RYZEN 7-8845,RTX 4080,DDR5,16GB,1024GB,OLED,60,['fingerprint'],1,22700000
ACER,I7-1355,NVIDIA RTX2050,DDR4,8GB,,LED,60,['fingerprint'],1,22700000
ASUS,I9-285,-,DDR5,32GB,1024GB,OLED,120,[],1,22769000
ASUS,I7-13620,RTX 4070,DDR5,16GB,1024GB,IPS,144,[],1,22800000
ASUS,I7-8565,GEFORCE MX150,DDR5,16GB,512GB,LED,60,[],1,22830000
LENOVO,I7-14650,RTX 4050,DDR5,16GB,512GB,IPS,60,[],1,22859000
ASUS,I7-256,-,DDR5,16GB,512GB,OLED,60,[],1,22863000
ASUS,I7-13650,RTX 4050,DDR5,8GB,512GB,IPS,165,[],1,22920000
ASUS,I9-285,-,DDR5,32GB,1024GB,OLED,120,[],1,22926000
LENOVO,RYZEN 7-7735,RTX 4050,DDR5,32GB,512GB,LED,60,[],1,22940670
ASUS,I7-155,-,DDR5,32GB,1024GB,OLED,120,[],1,22960800
HP,RYZEN 9-8945,RTX 4060,DDR5,16GB,1024GB,LED,144,[],1,22989000
HP,I5-1335,-,DDR4,16GB,512GB,IPS,60,['fingerprint'],1,22999000
HP,I7-14650,RTX 4060,DDR5,16GB,1024GB,IPS,144,[],1,22999000
LENOVO,I9-285,-,DDR5,32GB,1024GB,OLED,120,"['fingerprint', 'yoga']",0,22999000
ASUS,RYZEN 9-7845,RTX 4060,DDR5,8GB,1024GB,IPS,144,[],1,22999000
ASUS,,-,DDR5,32GB,1024GB,OLED,60,[],1,22999000
DELL,I7-1355,-,DDR5,16GB,512GB,LED,60,['fingerprint'],1,23000000
ASUS,,-,DDR4,,,LED,60,[],1,23000000
DELL,I7-1355,-,DDR5,16GB,512GB,LED,60,['fingerprint'],1,23000000
HP,RYZEN 7-8845,RTX 4060,DDR5,16GB,512GB,IPS,144,[],1,23007000
LENOVO,I7-1255,-,DDR4,16GB,512GB,IPS,60,['fingerprint'],1,23059000
LENOVO,I7-1165,-,DDR4,,512GB,LED,60,[],1,23109500
ASUS,I9-285,-,DDR5,32GB,1024GB,OLED,120,[],1,23126000
HP,I7-150,-,DDR4,16GB,512GB,IPS,60,[],1,23136000
ACER,I7-1355,GEFORCE RTX2050,DDR4,8GB,512GB,LED,60,['fingerprint'],1,23150000
ACER,I7-13700,RTX 4060,DDR5,8GB,1024GB,LED,165,[],1,23196000
ACER,I9-14900,RTX 4060,DDR5,16GB,1024GB,IPS,165,[],1,23199000
LENOVO,I5-125,-,DDR5,16GB,512GB,IPS,60,['fingerprint'],1,23199000
ASUS,I7-13650,RTX 4050,DDR5,8GB,512GB,IPS,165,[],1,23229000
ASUS,RYZEN 7-7435,RTX 4060,DDR5,16GB,512GB,IPS,60,[],1,23243000
ASUS,I7-155,-,DDR5,32GB,1024GB,OLED,60,[],1,23310700
ASUS,I9-285,-,DDR5,32GB,1024GB,OLED,120,[],1,23319000
LENOVO,I5-1335,-,DDR5,16GB,512GB,IPS,60,[],0,23350000
HP,I5-125,-,DDR4,16GB,512GB,OLED,60,[],1,23377000
DELL,I7-1355,-,DDR4,16GB,512GB,IPS,60,['fingerprint'],1,23379000
HP,RYZEN 7-8845,RTX 4070,DDR5,16GB,1024GB,IPS,165,[],1,23399000
HP,I7-10510,GEFORCE RTX2060,DDR4,16GB,1024GB,OLED,60,[],1,23399000
HP,RYZEN 7-8845,RTX 4070,DDR5,16GB,1024GB,IPS,165,[],1,23399000
ACER,I7-1165,-,DDR4,16GB,512GB,LED,60,[],1,23430000
HP,I7-1355,-,DDR4,16GB,1024GB,LED,60,[],1,23450000
DELL,I9-12900,RTX 3060,DDR5,16GB,1024GB,LED,60,['fingerprint'],1,23454000
DELL,I7-1265,-,DDR4,16GB,512GB,LED,60,['fingerprint'],1,23495000
ASUS,I7-155,-,DDR5,16GB,1024GB,OLED,60,[],1,23499000
LENOVO,I7-155,-,DDR5,16GB,1024GB,IPS,60,['fingerprint'],1,23499000
LENOVO,RYZEN 7-6800,RTX 3050,DDR5,32GB,1024GB,IPS,120,"['fingerprint', 'yoga']",0,23499000
DELL,I7-10810,-,DDR4,16GB,512GB,LED,60,['fingerprint'],1,23500000
LENOVO,RYZEN 7-5800,RTX 3050,DDR4,8GB,512GB,IPS,165,[],0,23525000
ACER,I7-14700,RTX 4050,DDR5,,512GB,LED,165,[],1,23537000
ACER,I7-12700,-,DDR4,16GB,512GB,LED,60,[],1,23540000
HP,I7-13700,RTX 4060,DDR5,16GB,1024GB,IPS,120,[],1,23585000
DELL,I7-1185,-,DDR4,32GB,512GB,LED,60,['fingerprint'],1,23625000
HP,I5-1135,-,DDR4,8GB,512GB,LED,60,[],1,23629000
HP,I5-125,-,DDR5,16GB,512GB,OLED,120,[],1,23688000
HP,I7-1355,RTX 2050,DDR4,16GB,1024GB,LED,60,[],1,23690000
HP,I5-1235,-,DDR4,16GB,1024GB,LED,60,[],1,23700000
ASUS,I7-1255,-,DDR5,16GB,1024GB,LED,60,['fingerprint'],1,23729000
LENOVO,I5-1335,-,DDR5,32GB,512GB,IPS,60,['fingerprint'],0,23749900
HP,RYZEN 7-8845,RTX 4060,DDR5,16GB,512GB,IPS,60,[],1,23770000
LENOVO,I7-13700,RTX 4060,DDR5,8GB,512GB,IPS,165,[],1,23777000
HP,RYZEN 7-8840,RTX 4070,DDR4,16GB,1024GB,LED,60,[],1,23799000
HP,I7-8565,-,DDR4,8GB,512GB,LED,60,[],1,23800000
ACER,I9-13900,RTX 4060,DDR5,8GB,1024GB,LED,165,[],1,23835000
DELL,I7-7500,-,DDR4,8GB,,LED,60,[],1,23850000
ASUS,I9-13900,RTX 4050,DDR5,8GB,1024GB,OLED,120,['fingerprint'],1,23877000
DELL,I7-1365,-,DDR5,16GB,512GB,LED,60,['fingerprint'],1,23925000
HP,I7-13700,RTX 4060,DDR5,16GB,1024GB,IPS,144,[],1,23935000
HP,I7-1355,-,DDR4,32GB,1024GB,IPS,60,[],1,23937000
HP,I7-13700,NVIDIA RTX4060,DDR5,16GB,1024GB,IPS,120,[],1,23945000
HP,I7-1165,-,DDR4,16GB,,IPS,60,[],1,23990000
ASUS,RYZEN 9-8945,RTX 4060,DDR5,16GB,1024GB,IPS,144,[],1,23999000
MSI,I7-14650,RTX 5070,DDR5,8GB,512GB,LED,120,[],1,23999000
ASUS,I7-155,-,DDR5,16GB,1024GB,OLED,120,[],1,23999000
ASUS,I7-155,-,DDR5,32GB,,OLED,120,[],1,23999000
ASUS,RYZEN 9-8945,RTX 4060,DDR5,16GB,1024GB,IPS,144,[],1,23999000
ASUS,I9-285,-,DDR5,32GB,1024GB,OLED,120,[],1,23999000
ASUS,I7-155,-,DDR5,16GB,1024GB,OLED,120,[],1,23999000
MSI,I7-14650,RTX 5070,DDR5,8GB,512GB,LED,120,[],1,23999000
ASUS,RYZEN 7-6800,RTX 3060,DDR5,16GB,512GB,LED,60,[],1,24004000
LENOVO,I7-155,RTX 4050,DDR5,32GB,1024GB,OLED,120,"['fingerprint', 'yoga']",0,24037000
ASUS,I9-285,-,DDR5,32GB,1024GB,OLED,120,[],1,24049000
ACER,I7-14700,RTX 4050,DDR5,32GB,512GB,LED,165,[],1,24085890
ASUS,RYZEN 9-8945,RTX 4060,DDR5,16GB,1024GB,IPS,144,[],1,24099000
ASUS,I7-13650,RTX4050,DDR4,16GB,512GB,IPS,60,[],1,24100000
LENOVO,I7-155,-,DDR5,16GB,1024GB,IPS,60,['fingerprint'],0,24149900
HP,RYZEN 7-8845,GEFORCE RTX4070,DDR5,32GB,1024GB,IPS,165,[],1,24199000
LENOVO,RYZEN 7-5800,RTX 3060,DDR4,16GB,1024GB,IPS,165,[],1,24199000
ASUS,I7-13650,RTX 4050,DDR5,32GB,512GB,IPS,165,[],1,24239000
LENOVO,I7-1355,-,DDR5,16GB,512GB,IPS,60,[],1,24279000
LENOVO,,-,DDR5,32GB,1024GB,OLED,90,"['fingerprint', 'yoga']",0,24292000
LENOVO,I7-14650,RTX 4050,DDR5,16GB,512GB,IPS,165,[],1,24292000
ASUS,I7-14650,RTX 5060,DDR5,16GB,1024GB,IPS,165,[],1,24299000
LENOVO,I7-1165,-,DDR4,16GB,1024GB,IPS,60,"['fingerprint', 'yoga']",0,24300000
LENOVO,I9-14900,RTX 4060,DDR5,32GB,1024GB,IPS,240,[],1,24349000
ASUS,I7-13650,RTX 4070,DDR5,16GB,1024GB,IPS,165,[],1,24349000
HP,I7-1355,-,DDR5,32GB,1024GB,IPS,60,[],1,24350000
HP,I7-1355,-,DDR5,16GB,1024GB,IPS,60,[],1,24350000
HP,I7-1355,-,DDR4,32GB,512GB,IPS,60,[],1,24366000
DELL,I7-1265,-,DDR4,16GB,2048GB,LED,60,['fingerprint'],1,24395000
LENOVO,I9-14900,RTX 4060,DDR5,8GB,1024GB,IPS,60,[],1,24399000
LENOVO,I7-155,RTX 4050,DDR5,32GB,1024GB,OLED,120,['yoga'],0,24419000
ASUS,I7-13620,RTX 4070,DDR5,16GB,1024GB,IPS,144,[],1,24459000
DELL,I7-1185,-,DDR4,16GB,512GB,LED,60,['fingerprint'],1,24480000
HP,RYZEN 5-8640,GEFORCE RTX4060,DDR5,16GB,1024GB,IPS,60,[],1,24490000
ASUS,I7-13650,GEFORCE RTX4070,DDR5,16GB,1024GB,IPS,165,[],1,24499000
ASUS,RYZEN 7-6800,RTX 3060,DDR5,32GB,512GB,IPS,165,[],1,24499000
LENOVO,I9-14900,RTX 4060,DDR5,8GB,1024GB,IPS,165,[],1,24499000
ASUS,I7-13650,RTX 4070,DDR5,8GB,1024GB,IPS,165,[],1,24499000
LENOVO,I9-14900,RTX 4060,DDR5,32GB,1024GB,IPS,165,[],1,24499000
ASUS,I9-13980,RTX 4050,DDR5,8GB,512GB,IPS,165,[],1,24499000
LENOVO,I7-13650,RTX 4060,DDR5,24GB,512GB,IPS,60,[],1,24556000
MSI,I7-155,RTX 4050,DDR5,32GB,1024GB,IPS,120,['fingerprint'],1,24589000
LENOVO,I9-14900,RTX 4060,DDR5,8GB,1024GB,IPS,60,[],1,24599000
ASUS,I7-13650,RTX 4050,DDR5,16GB,512GB,IPS,165,[],1,24649000
LENOVO,I7-155,-,DDR5,16GB,1024GB,IPS,60,['fingerprint'],1,24669000
ACER,I5-12500,-,DDR4,16GB,512GB,OLED,60,[],1,24679000
ASUS,RYZEN 9-8945,RTX 4070,DDR5,16GB,1024GB,IPS,144,[],1,24689000
LENOVO,I7-13700,RTX 4060,DDR5,32GB,512GB,IPS,165,[],1,24690000
LENOVO,RYZEN 7-7840,GEFORCE RTX4060,DDR5,16GB,512GB,LED,60,[],1,24703650
ACER,I9-14900,RTX 4060,DDR5,16GB,1024GB,LED,165,[],1,24719000
LENOVO,I7-155,-,DDR5,16GB,1024GB,IPS,60,"['fingerprint', 'yoga']",0,24727000
LENOVO,RYZEN 9-6900,RTX 3050,DDR5,32GB,1024GB,IPS,120,[],0,24738000
DELL,I7-8665,-,DDR4,16GB,512GB,LED,60,['fingerprint'],1,24789000
ASUS,RYZEN 9-8945,RTX 4070,DDR5,16GB,1024GB,IPS,144,[],1,24799000
ACER,I7-13620,RTX 4050,DDR5,16GB,512GB,IPS,144,[],1,24800000
ASUS,RYZEN 7-5800,RTX 3060,DDR4,16GB,512GB,LED,144,[],1,24820000
HP,I5-125,-,DDR4,16GB,512GB,LED,60,[],1,24840000
ASUS,I7-13650,RTX 4050,DDR5,8GB,512GB,IPS,165,[],1,24845000
ACER,I9-12900,RTX 3060,DDR5,16GB,512GB,LED,60,[],1,24859000
HP,I7-14650,RTX 4070,DDR5,16GB,,LED,165,[],1,24889000
ASUS,I7-13650,RTX 4050,DDR5,8GB,512GB,IPS,165,[],1,24899000
ASUS,I7-13650,RTX 4050,DDR5,8GB,512GB,IPS,165,[],1,24899000
HP,I7-14650,RTX 4070,DDR5,16GB,1024GB,IPS,144,[],1,24960000
DELL,I7-1265,-,DDR4,16GB,512GB,LED,60,[],1,24990000
MSI,I7-14700,RTX 4060,DDR5,16GB,1024GB,IPS,120,[],1,24990000
ASUS,I7-4070,RTX 4070,DDR4,16GB,1024GB,IPS,165,[],1,24999000
LENOVO,I7-155,RTX 4050,DDR5,32GB,1024GB,OLED,120,['yoga'],0,24999000
ASUS,RYZEN 9-7845,RTX4060,DDR5,32GB,,IPS,240,[],1,25000000
